0,tcp,0.00094371,0.686071759,0.697899924,tcp,1,tcp,0.00094371,0.686071759,0.697899924,tcp,2,tcp,0.05062368,0.487258928,0.443743058,tcp,3,tcp,0.00094371,0.686071759,0.697899924,btcp,4,tcp,0.00094371,0.686071759,0.697899924,btcp,5,tcp,0.00094371,0.686071759,0.697899924,udp
0,tcp,0.00094371,0.686071759,0.697899924,tcp,1,tcp,0.013262162,0.575362125,0.524480998,tcp,2,tcp,0.162048087,0.382626308,0.297840442,tcp,3,tcp,0.00094371,0.686071759,0.697899924,btcp,4,tcp,0.00094371,0.686071759,0.697899924,btcp,5,tcp,0.00094371,0.686071759,0.697899924,udp
0,tcp,0.00036987,0.68674039,0.677279463,tcp,1,tcp,0.031359481,0.51825749,0.437193858,tcp,2,tcp,0.214342386,0.309093903,0.250334869,tcp,3,tcp,0.00094371,0.686071759,0.697899924,btcp,4,tcp,0.00094371,0.686071759,0.697899924,btcp,5,tcp,0.00094371,0.686071759,0.697899924,udp
0,tcp,0.000376558,0.67948098,0.667960438,tcp,1,tcp,0.055801412,0.469756342,0.359562437,tcp,2,btcp,0.256335469,0.253104142,0.225824556,tcp,3,tcp,0.00094371,0.686071759,0.697899924,btcp,4,tcp,0.00094371,0.686071759,0.697899924,btcp,5,tcp,0.00094371,0.686071759,0.697899924,udp
0,tcp,0.000709214,0.665262964,0.652825539,tcp,1,tcp,0.077888153,0.433631323,0.313971264,tcp,2,btcp,0.314661941,0.206580759,0.199912072,tcp,3,tcp,0.00094371,0.686071759,0.697899924,btcp,4,tcp,0.00094371,0.686071759,0.697899924,btcp,5,tcp,0.00094371,0.686071759,0.697899924,udp
0,tcp,0.000407145,0.685788723,0.680952286,tcp,1,tcp,0.121350515,0.386792827,0.245787748,tcp,2,udp,0.410163945,0.176841026,0.185769206,tcp,3,tcp,0.00094371,0.686071759,0.697899924,btcp,4,tcp,0.00094371,0.686071759,0.697899924,btcp,5,tcp,0.00094371,0.686071759,0.697899924,udp
0,tcp,0.0005481,0.669126532,0.650692767,tcp,1,tcp,0.125047922,0.389369493,0.233006915,tcp,2,udp,0.467148777,0.162432309,0.174627896,tcp,3,tcp,0.00094371,0.686071759,0.697899924,btcp,4,tcp,0.00094371,0.686071759,0.697899924,btcp,5,tcp,0.00094371,0.686071759,0.697899924,udp
0,tcp,0.000328653,0.685647127,0.676498695,tcp,1,btcp,0.209338103,0.330191388,0.16433898,tcp,2,btcp,0.515243279,0.173133758,0.160972662,tcp,3,tcp,0.00094371,0.686071759,0.697899924,btcp,4,tcp,0.00094371,0.686071759,0.697899924,btcp,5,tcp,0.00094371,0.686071759,0.697899924,udp
0,tcp,0.002718756,0.634934367,0.604993161,tcp,1,tcp,0.16497716,0.372750945,0.187595076,tcp,2,btcp,0.569350197,0.176321977,0.169077827,tcp,3,tcp,0.00094371,0.686071759,0.697899924,btcp,4,tcp,0.00094371,0.686071759,0.697899924,btcp,5,tcp,0.00094371,0.686071759,0.697899924,udp
0,tcp,0.000292229,0.679747847,0.663036728,tcp,1,btcp,0.203580469,0.381609271,0.152325819,tcp,2,btcp,0.673348937,0.202241891,0.192295624,tcp,3,tcp,0.00094371,0.686071759,0.697899924,btcp,4,tcp,0.00094371,0.686071759,0.697899924,btcp,5,tcp,0.00094371,0.686071759,0.697899924,udp
0,tcp,0.000362551,0.685658296,0.677263113,tcp,1,btcp,0.229508631,0.426485978,0.130692415,tcp,2,btcp,0.759043725,0.236198218,0.21659886,tcp,3,tcp,0.00094371,0.686071759,0.697899924,btcp,4,tcp,0.00094371,0.686071759,0.697899924,btcp,5,tcp,0.00094371,0.686071759,0.697899924,udp
0,tcp,0.000338156,0.679615691,0.657833865,tcp,1,btcp,0.263775154,0.440849845,0.109736884,tcp,2,btcp,0.823982612,0.26570127,0.238729691,tcp,3,tcp,0.00094371,0.686071759,0.697899924,btcp,4,tcp,0.00094371,0.686071759,0.697899924,btcp,5,tcp,0.00094371,0.686071759,0.697899924,udp
0,tcp,0.009639769,0.612422488,0.519319841,tcp,1,btcp,0.294679392,0.448563972,0.092999884,tcp,2,btcp,0.782102929,0.321470922,0.160671022,tcp,3,tcp,0.00094371,0.686071759,0.697899924,btcp,4,tcp,0.00094371,0.686071759,0.697899924,btcp,5,tcp,0.00094371,0.686071759,0.697899924,udp
0,tcp,0.035394796,0.530512557,0.412462411,tcp,1,btcp,0.386111433,0.457141414,0.05822517,tcp,2,btcp,0.745163157,0.371398443,0.105314448,tcp,3,tcp,0.00094371,0.686071759,0.697899924,btcp,4,tcp,0.00094371,0.686071759,0.697899924,btcp,5,tcp,0.00094371,0.686071759,0.697899924,udp
0,tcp,0.107761284,0.430264833,0.267935137,tcp,1,btcp,0.433444803,0.467367793,0.044494554,tcp,2,btcp,0.760815402,0.373454988,0.112796883,tcp,3,tcp,0.00094371,0.686071759,0.697899924,btcp,4,tcp,0.00094371,0.686071759,0.697899924,btcp,5,tcp,0.00094371,0.686071759,0.697899924,udp
0,btcp,0.306860529,0.326459942,0.140433771,tcp,1,btcp,0.457185914,0.484086871,0.040189316,tcp,2,btcp,0.658945949,0.418794702,0.078264863,tcp,3,tcp,0.00094371,0.686071759,0.697899924,btcp,4,tcp,0.00094371,0.686071759,0.697899924,btcp,5,tcp,0.00094371,0.686071759,0.697899924,udp
0,btcp,0.431520068,0.265748872,0.109906081,tcp,1,btcp,0.489423938,0.481822707,0.03431464,tcp,2,btcp,0.620175753,0.429911031,0.085063252,tcp,3,tcp,0.00094371,0.686071759,0.697899924,btcp,4,tcp,0.00094371,0.686071759,0.697899924,btcp,5,tcp,0.00094371,0.686071759,0.697899924,udp
0,btcp,0.510669115,0.252383196,0.098678711,tcp,1,btcp,0.505734161,0.483751411,0.030585344,tcp,2,btcp,0.695706092,0.400781038,0.100061936,tcp,3,tcp,0.00094371,0.686071759,0.697899924,btcp,4,tcp,0.00094371,0.686071759,0.697899924,btcp,5,tcp,0.00094371,0.686071759,0.697899924,udp
0,btcp,0.573624671,0.242705425,0.114406964,tcp,1,btcp,0.501757608,0.492510722,0.031473265,tcp,2,btcp,0.715798868,0.404957924,0.093417122,tcp,3,tcp,0.00094371,0.686071759,0.697899924,btcp,4,tcp,0.00094371,0.686071759,0.697899924,btcp,5,tcp,0.00094371,0.686071759,0.697899924,udp
0,btcp,0.620814539,0.264346537,0.114614146,tcp,1,btcp,0.575493186,0.468740115,0.024756282,tcp,2,btcp,0.7202733,0.406812453,0.092305247,tcp,3,tcp,0.00094371,0.686071759,0.697899924,btcp,4,tcp,0.00094371,0.686071759,0.697899924,btcp,5,tcp,0.00094371,0.686071759,0.697899924,udp
0,btcp,0.667114685,0.285326312,0.120050301,tcp,1,btcp,0.592923771,0.46884963,0.023760906,tcp,2,btcp,0.767106076,0.396837413,0.102828443,tcp,3,tcp,0.00094371,0.686071759,0.697899924,btcp,4,tcp,0.00094371,0.686071759,0.697899924,btcp,5,tcp,0.00094371,0.686071759,0.697899924,udp
0,btcp,0.714628572,0.291185532,0.140965218,tcp,1,btcp,0.547235214,0.487686399,0.027455194,tcp,2,btcp,0.770930415,0.394911772,0.106044894,tcp,3,tcp,0.00094371,0.686071759,0.697899924,btcp,4,tcp,0.00094371,0.686071759,0.697899924,btcp,5,tcp,0.00094371,0.686071759,0.697899924,udp
0,btcp,0.71865622,0.331375597,0.115516462,tcp,1,btcp,0.645592517,0.457403567,0.028823203,tcp,2,btcp,0.779282029,0.389402445,0.114006018,tcp,3,tcp,0.00094371,0.686071759,0.697899924,btcp,4,tcp,0.00094371,0.686071759,0.697899924,btcp,5,tcp,0.00094371,0.686071759,0.697899924,udp
0,btcp,0.784999024,0.312534383,0.169370821,tcp,1,btcp,0.578406051,0.483049209,0.026120837,tcp,2,btcp,0.763269519,0.402645404,0.09753797,tcp,3,tcp,0.00094371,0.686071759,0.697899924,btcp,4,tcp,0.00094371,0.686071759,0.697899924,btcp,5,tcp,0.00094371,0.686071759,0.697899924,udp
0,btcp,0.769411711,0.345966804,0.13527273,tcp,1,btcp,0.663267199,0.441954637,0.038021191,tcp,2,btcp,0.766418254,0.400419311,0.100466804,tcp,3,tcp,0.00094371,0.686071759,0.697899924,btcp,4,tcp,0.00094371,0.686071759,0.697899924,btcp,5,tcp,0.00094371,0.686071759,0.697899924,udp
0,btcp,0.797411534,0.343971304,0.154634051,tcp,1,btcp,0.653873936,0.459251757,0.031791981,tcp,2,btcp,0.779377136,0.390736296,0.113281522,tcp,3,tcp,0.00094371,0.686071759,0.697899924,btcp,4,tcp,0.00094371,0.686071759,0.697899924,btcp,5,tcp,0.00094371,0.686071759,0.697899924,udp
0,btcp,0.834044891,0.337815918,0.184912996,tcp,1,btcp,0.634668463,0.462100201,0.033004814,tcp,2,btcp,0.766666468,0.400779581,0.100405034,tcp,3,tcp,0.00094371,0.686071759,0.697899924,btcp,4,tcp,0.00094371,0.686071759,0.697899924,btcp,5,tcp,0.00094371,0.686071759,0.697899924,udp
0,btcp,0.812105301,0.355732047,0.156295819,tcp,1,btcp,0.679616065,0.436894189,0.044953635,tcp,2,btcp,0.770322908,0.397989977,0.103973934,tcp,3,tcp,0.00094371,0.686071759,0.697899924,btcp,4,tcp,0.00094371,0.686071759,0.697899924,btcp,5,tcp,0.00094371,0.686071759,0.697899924,udp
0,btcp,0.829208368,0.352685684,0.170351142,tcp,1,btcp,0.688221506,0.432090115,0.049800845,tcp,2,btcp,0.766043205,0.401598869,0.099614798,tcp,3,tcp,0.00094371,0.686071759,0.697899924,btcp,4,tcp,0.00094371,0.686071759,0.697899924,btcp,5,tcp,0.00094371,0.686071759,0.697899924,udp
0,btcp,0.821338853,0.359889508,0.159720739,tcp,1,btcp,0.693014389,0.434890971,0.050404832,tcp,2,btcp,0.786142421,0.386658065,0.119690848,tcp,3,tcp,0.00094371,0.686071759,0.697899924,btcp,4,tcp,0.00094371,0.686071759,0.697899924,btcp,5,tcp,0.00094371,0.686071759,0.697899924,udp
0,btcp,0.831967383,0.357581168,0.168790847,tcp,1,btcp,0.697367106,0.4365493,0.051338906,tcp,2,btcp,0.787495013,0.385828729,0.121001875,tcp,3,tcp,0.00094371,0.686071759,0.697899924,btcp,4,tcp,0.00094371,0.686071759,0.697899924,btcp,5,tcp,0.00094371,0.686071759,0.697899924,udp
0,btcp,0.842360229,0.355010878,0.178136519,tcp,1,btcp,0.707036322,0.429157899,0.058149403,tcp,2,btcp,0.779320678,0.391529601,0.112786453,tcp,3,tcp,0.00094371,0.686071759,0.697899924,btcp,4,tcp,0.00094371,0.686071759,0.697899924,btcp,5,tcp,0.00094371,0.686071759,0.697899924,udp
0,btcp,0.852701877,0.352350527,0.187765851,tcp,1,btcp,0.716588841,0.421765711,0.065369473,tcp,2,btcp,0.771272186,0.397633119,0.104704622,tcp,3,tcp,0.00094371,0.686071759,0.697899924,btcp,4,tcp,0.00094371,0.686071759,0.697899924,btcp,5,tcp,0.00094371,0.686071759,0.697899924,udp
0,btcp,0.851191995,0.353599625,0.185699659,tcp,1,btcp,0.72622377,0.414346023,0.073088113,tcp,2,btcp,0.770848178,0.398003284,0.104259991,tcp,3,tcp,0.00094371,0.686071759,0.697899924,btcp,4,tcp,0.00094371,0.686071759,0.697899924,btcp,5,tcp,0.00094371,0.686071759,0.697899924,udp
0,btcp,0.861407154,0.35075783,0.195572568,tcp,1,btcp,0.730379384,0.41434165,0.075005533,tcp,2,btcp,0.770807093,0.398064519,0.104202772,tcp,3,tcp,0.00094371,0.686071759,0.697899924,btcp,4,tcp,0.00094371,0.686071759,0.697899924,btcp,5,tcp,0.00094371,0.686071759,0.697899924,udp
0,btcp,0.870609573,0.348381292,0.204542052,tcp,1,btcp,0.736947975,0.411022346,0.079737704,tcp,2,btcp,0.766483084,0.401582336,0.099864419,tcp,3,tcp,0.00094371,0.686071759,0.697899924,btcp,4,tcp,0.00094371,0.686071759,0.697899924,btcp,5,tcp,0.00094371,0.686071759,0.697899924,udp
0,btcp,0.868236084,0.349289596,0.20197922,tcp,1,btcp,0.729320491,0.423031574,0.070404733,tcp,2,btcp,0.782733465,0.389268542,0.116110986,tcp,3,tcp,0.00094371,0.686071759,0.697899924,btcp,4,tcp,0.00094371,0.686071759,0.697899924,btcp,5,tcp,0.00094371,0.686071759,0.697899924,udp
0,btcp,0.877563624,0.346912492,0.211193034,tcp,1,btcp,0.729181199,0.426395405,0.068788954,tcp,2,btcp,0.783274795,0.388905828,0.116645162,tcp,3,tcp,0.00094371,0.686071759,0.697899924,btcp,4,tcp,0.00094371,0.686071759,0.697899924,btcp,5,tcp,0.00094371,0.686071759,0.697899924,udp
0,btcp,0.866287104,0.35012447,0.199817928,tcp,1,btcp,0.741117637,0.415353298,0.079611778,tcp,2,btcp,0.783881334,0.388498413,0.117245741,tcp,3,tcp,0.00094371,0.686071759,0.697899924,btcp,4,tcp,0.00094371,0.686071759,0.697899924,btcp,5,tcp,0.00094371,0.686071759,0.697899924,udp
0,btcp,0.83031131,0.363036724,0.163759164,tcp,1,btcp,0.766023357,0.393363912,0.104173699,tcp,2,btcp,0.789151547,0.384986597,0.122511981,tcp,3,tcp,0.00094371,0.686071759,0.697899924,btcp,4,tcp,0.00094371,0.686071759,0.697899924,btcp,5,tcp,0.00094371,0.686071759,0.697899924,udp
0,btcp,0.837403351,0.36016565,0.170816873,tcp,1,btcp,0.769485193,0.39214591,0.106800594,tcp,2,btcp,0.789295042,0.384900018,0.122651502,tcp,3,tcp,0.00094371,0.686071759,0.697899924,btcp,4,tcp,0.00094371,0.686071759,0.697899924,btcp,5,tcp,0.00094371,0.686071759,0.697899924,udp
0,btcp,0.903211205,0.341518848,0.236623733,tcp,1,btcp,0.782818127,0.383642126,0.119514593,tcp,2,btcp,0.709095244,0.423641825,0.078503911,tcp,3,tcp,0.00094371,0.686071759,0.697899924,btcp,4,tcp,0.00094371,0.686071759,0.697899924,btcp,5,tcp,0.00094371,0.686071759,0.697899924,udp
0,btcp,0.885732528,0.34521492,0.219119466,tcp,1,btcp,0.742397065,0.4197695,0.078070516,tcp,2,btcp,0.791586327,0.383440303,0.124937383,tcp,3,tcp,0.00094371,0.686071759,0.697899924,btcp,4,tcp,0.00094371,0.686071759,0.697899924,btcp,5,tcp,0.00094371,0.686071759,0.697899924,udp
0,btcp,0.859356321,0.352439798,0.192723272,tcp,1,btcp,0.763745416,0.400340705,0.099050153,tcp,2,btcp,0.792258317,0.383019501,0.125607306,tcp,3,tcp,0.00094371,0.686071759,0.697899924,btcp,4,tcp,0.00094371,0.686071759,0.697899924,btcp,5,tcp,0.00094371,0.686071759,0.697899924,udp
0,btcp,0.811232522,0.372166946,0.144583935,tcp,1,btcp,0.804478099,0.372812679,0.139754107,tcp,2,btcp,0.797830195,0.379615079,0.131177913,tcp,3,tcp,0.00094371,0.686071759,0.697899924,btcp,4,tcp,0.00094371,0.686071759,0.697899924,btcp,5,tcp,0.00094371,0.686071759,0.697899924,udp
0,btcp,0.908464146,0.340637637,0.241820209,tcp,1,btcp,0.8078674,0.371548367,0.142782601,tcp,2,btcp,0.699176208,0.428504641,0.074790274,tcp,3,tcp,0.00094371,0.686071759,0.697899924,btcp,4,tcp,0.00094371,0.686071759,0.697899924,btcp,5,tcp,0.00094371,0.686071759,0.697899924,udp
0,btcp,0.903870919,0.341469664,0.237221379,tcp,1,btcp,0.740569385,0.4244639,0.07494282,tcp,2,btcp,0.795331985,0.381121546,0.128677716,tcp,3,tcp,0.00094371,0.686071759,0.697899924,btcp,4,tcp,0.00094371,0.686071759,0.697899924,btcp,5,tcp,0.00094371,0.686071759,0.697899924,udp
0,btcp,0.817909672,0.368832543,0.151252701,tcp,1,btcp,0.801240872,0.375952433,0.135653566,tcp,2,btcp,0.805061869,0.375476889,0.138407441,tcp,3,tcp,0.00094371,0.686071759,0.697899924,btcp,4,tcp,0.00094371,0.686071759,0.697899924,btcp,5,tcp,0.00094371,0.686071759,0.697899924,udp
0,btcp,0.863198548,0.351285924,0.196540901,tcp,1,btcp,0.833104163,0.360621124,0.167430907,tcp,2,btcp,0.758459889,0.40860085,0.09180101,tcp,3,tcp,0.00094371,0.686071759,0.697899924,btcp,4,tcp,0.00094371,0.686071759,0.697899924,btcp,5,tcp,0.00094371,0.686071759,0.697899924,udp
0,btcp,0.90548547,0.341183582,0.238827466,tcp,1,btcp,0.77415615,0.394508736,0.108099398,tcp,2,btcp,0.774456478,0.395339466,0.107797282,tcp,3,tcp,0.00094371,0.686071759,0.697899924,btcp,4,tcp,0.00094371,0.686071759,0.697899924,btcp,5,tcp,0.00094371,0.686071759,0.697899924,udp
0,btcp,0.837570965,0.360204597,0.170908987,tcp,1,btcp,0.795012659,0.380524741,0.128850367,tcp,2,btcp,0.805635658,0.375166622,0.138977693,tcp,3,tcp,0.00094371,0.686071759,0.697899924,btcp,4,tcp,0.00094371,0.686071759,0.697899924,btcp,5,tcp,0.00094371,0.686071759,0.697899924,udp
0,btcp,0.845190808,0.357300604,0.178527638,tcp,1,btcp,0.845926085,0.356346208,0.179766534,tcp,2,btcp,0.770979001,0.398030076,0.104318175,tcp,3,tcp,0.00094371,0.686071759,0.697899924,btcp,4,tcp,0.00094371,0.686071759,0.697899924,btcp,5,tcp,0.00094371,0.686071759,0.697899924,udp
0,btcp,0.922026077,0.338515161,0.255363741,tcp,1,btcp,0.776006276,0.393653089,0.10964554,tcp,2,btcp,0.771449689,0.397661889,0.10478799,tcp,3,tcp,0.00094371,0.686071759,0.697899924,btcp,4,tcp,0.00094371,0.686071759,0.697899924,btcp,5,tcp,0.00094371,0.686071759,0.697899924,udp
0,btcp,0.825671214,0.365226486,0.159007011,tcp,1,btcp,0.803152273,0.376152346,0.136746754,tcp,2,btcp,0.815481795,0.370028191,0.148821685,tcp,3,tcp,0.00094371,0.686071759,0.697899924,btcp,4,tcp,0.00094371,0.686071759,0.697899924,btcp,5,tcp,0.00094371,0.686071759,0.697899924,udp
0,btcp,0.87294651,0.348501016,0.206282307,tcp,1,btcp,0.86488327,0.350430693,0.198496149,tcp,2,btcp,0.751111781,0.415553963,0.084449287,tcp,3,tcp,0.00094371,0.686071759,0.697899924,btcp,4,tcp,0.00094371,0.686071759,0.697899924,btcp,5,tcp,0.00094371,0.686071759,0.697899924,udp
0,btcp,0.923810991,0.338266246,0.257146986,tcp,1,btcp,0.752597688,0.41376229,0.086107094,tcp,2,btcp,0.791856905,0.383289516,0.125195483,tcp,3,tcp,0.00094371,0.686071759,0.697899924,btcp,4,tcp,0.00094371,0.686071759,0.697899924,btcp,5,tcp,0.00094371,0.686071759,0.697899924,udp
0,btcp,0.792187015,0.383087356,0.125521898,tcp,1,btcp,0.859678649,0.352063719,0.193254732,tcp,2,btcp,0.811285904,0.372157982,0.144624999,tcp,3,tcp,0.00094371,0.686071759,0.697899924,btcp,4,tcp,0.00094371,0.686071759,0.697899924,btcp,5,tcp,0.00094371,0.686071759,0.697899924,udp
0,btcp,0.90205144,0.341828536,0.235387277,tcp,1,btcp,0.872280542,0.348422352,0.205820584,tcp,2,btcp,0.692205433,0.433263633,0.071092679,tcp,3,tcp,0.00094371,0.686071759,0.697899924,btcp,4,tcp,0.00094371,0.686071759,0.697899924,btcp,5,tcp,0.00094371,0.686071759,0.697899924,udp
0,btcp,0.88642246,0.345118428,0.219757541,tcp,1,btcp,0.7560495,0.410604145,0.08949938,tcp,2,btcp,0.812104861,0.371734062,0.14544483,tcp,3,tcp,0.00094371,0.686071759,0.697899924,btcp,4,tcp,0.00094371,0.686071759,0.697899924,btcp,5,tcp,0.00094371,0.686071759,0.697899924,udp
0,btcp,0.82203001,0.366890094,0.155364257,tcp,1,btcp,0.880595948,0.346292641,0.214110043,tcp,2,btcp,0.777160558,0.393322779,0.110498581,tcp,3,tcp,0.00094371,0.686071759,0.697899924,btcp,4,tcp,0.00094371,0.686071759,0.697899924,btcp,5,tcp,0.00094371,0.686071759,0.697899924,udp
0,btcp,0.947725702,0.335559337,0.281060744,tcp,1,btcp,0.767543143,0.400599545,0.100985712,tcp,2,btcp,0.769735493,0.399019715,0.103072641,tcp,3,tcp,0.00094371,0.686071759,0.697899924,btcp,4,tcp,0.00094371,0.686071759,0.697899924,btcp,5,tcp,0.00094371,0.686071759,0.697899924,udp
0,btcp,0.781533814,0.390180366,0.114868141,tcp,1,btcp,0.860537731,0.351932251,0.194009665,tcp,2,btcp,0.822367981,0.366726314,0.155706997,tcp,3,tcp,0.00094371,0.686071759,0.697899924,btcp,4,tcp,0.00094371,0.686071759,0.697899924,btcp,5,tcp,0.00094371,0.686071759,0.697899924,udp
0,btcp,0.924216316,0.338210906,0.257551755,tcp,1,btcp,0.854352676,0.353963577,0.187791946,tcp,2,btcp,0.697094658,0.434642592,0.069154222,tcp,3,tcp,0.00094371,0.686071759,0.697899924,btcp,4,tcp,0.00094371,0.686071759,0.697899924,btcp,5,tcp,0.00094371,0.686071759,0.697899924,udp
0,btcp,0.852195459,0.354829189,0.185529904,tcp,1,btcp,0.784200051,0.388240157,0.11758818,tcp,2,btcp,0.812640064,0.371459358,0.145980312,tcp,3,tcp,0.00094371,0.686071759,0.697899924,btcp,4,tcp,0.00094371,0.686071759,0.697899924,btcp,5,tcp,0.00094371,0.686071759,0.697899924,udp
0,btcp,0.859965928,0.352291314,0.193300136,tcp,1,btcp,0.916805123,0.339189147,0.250230168,tcp,2,btcp,0.718921436,0.428416903,0.072955921,tcp,3,tcp,0.00094371,0.686071759,0.697899924,btcp,4,tcp,0.00094371,0.686071759,0.697899924,btcp,5,tcp,0.00094371,0.686071759,0.697899924,udp
0,btcp,0.902069291,0.341827036,0.235403539,tcp,1,btcp,0.748060582,0.418517488,0.08144899,tcp,2,btcp,0.805915576,0.375014724,0.139256658,tcp,3,tcp,0.00094371,0.686071759,0.697899924,btcp,4,tcp,0.00094371,0.686071759,0.697899924,btcp,5,tcp,0.00094371,0.686071759,0.697899924,udp
0,btcp,0.810329613,0.372663952,0.143663423,tcp,1,btcp,0.905515948,0.341059127,0.238958636,tcp,2,btcp,0.772659643,0.396718764,0.105998659,tcp,3,tcp,0.00094371,0.686071759,0.697899924,btcp,4,tcp,0.00094371,0.686071759,0.697899924,btcp,5,tcp,0.00094371,0.686071759,0.697899924,udp
0,btcp,0.955514343,0.334924571,0.28884875,tcp,1,btcp,0.752885468,0.413699078,0.086285559,tcp,2,btcp,0.773877787,0.39578375,0.107216326,tcp,3,tcp,0.00094371,0.686071759,0.697899924,btcp,4,tcp,0.00094371,0.686071759,0.697899924,btcp,5,tcp,0.00094371,0.686071759,0.697899924,udp
0,btcp,0.776620859,0.393728727,0.109954788,tcp,1,btcp,0.906608694,0.340842598,0.240068469,tcp,2,btcp,0.798650192,0.379143046,0.131989684,tcp,3,tcp,0.00094371,0.686071759,0.697899924,btcp,4,tcp,0.00094371,0.686071759,0.697899924,btcp,5,tcp,0.00094371,0.686071759,0.697899924,udp
0,btcp,0.954062084,0.335033635,0.287397166,tcp,1,btcp,0.783794415,0.388480476,0.117204837,tcp,2,btcp,0.754527668,0.412251413,0.087864776,tcp,3,tcp,0.00094371,0.686071759,0.697899924,btcp,4,tcp,0.00094371,0.686071759,0.697899924,btcp,5,tcp,0.00094371,0.686071759,0.697899924,udp
0,btcp,0.770595794,0.398341184,0.103930121,tcp,1,btcp,0.878058385,0.347035041,0.211489351,tcp,2,btcp,0.819474924,0.368084578,0.152814933,tcp,3,tcp,0.00094371,0.686071759,0.697899924,btcp,4,tcp,0.00094371,0.686071759,0.697899924,btcp,5,tcp,0.00094371,0.686071759,0.697899924,udp
0,btcp,0.95974349,0.334624917,0.293079923,tcp,1,btcp,0.822443703,0.366617738,0.155832985,tcp,2,btcp,0.692014106,0.439013002,0.065823096,tcp,3,tcp,0.00094371,0.686071759,0.697899924,btcp,4,tcp,0.00094371,0.686071759,0.697899924,btcp,5,tcp,0.00094371,0.686071759,0.697899924,udp
0,btcp,0.78480004,0.387920208,0.118135201,tcp,1,btcp,0.849088399,0.355841128,0.182469654,tcp,2,btcp,0.817450748,0.369056012,0.150793379,tcp,3,tcp,0.00094371,0.686071759,0.697899924,btcp,4,tcp,0.00094371,0.686071759,0.697899924,btcp,5,tcp,0.00094371,0.686071759,0.697899924,udp
0,btcp,0.943925274,0.335908981,0.277262859,tcp,1,btcp,0.841383018,0.35868112,0.174750842,tcp,2,btcp,0.688088853,0.44291475,0.062928365,tcp,3,tcp,0.00094371,0.686071759,0.697899924,btcp,4,tcp,0.00094371,0.686071759,0.697899924,btcp,5,tcp,0.00094371,0.686071759,0.697899924,udp
0,btcp,0.79560363,0.380972184,0.128939427,tcp,1,btcp,0.828343559,0.364015548,0.161700377,tcp,2,btcp,0.813607845,0.370956851,0.146954927,tcp,3,tcp,0.000697588,0.686166539,0.691376582,btcp,4,tcp,0.00094371,0.686071759,0.697899924,btcp,5,tcp,0.00094371,0.686071759,0.697899924,udp
0,btcp,0.936235716,0.336709351,0.269573897,tcp,1,btcp,0.852135596,0.354824003,0.185489115,tcp,2,btcp,0.682843316,0.447520393,0.059763747,tcp,3,tcp,0.000758045,0.685986448,0.693235333,btcp,4,tcp,0.000706876,0.686155618,0.691657995,btcp,5,tcp,0.00094371,0.686071759,0.697899924,udp
0,btcp,0.785013592,0.387773469,0.118349786,tcp,1,btcp,0.830306825,0.363183158,0.163653391,tcp,2,btcp,0.807884384,0.3739278,0.141238738,tcp,3,tcp,0.000623271,0.686397081,0.688875708,btcp,4,tcp,0.000765203,0.685974718,0.693440202,btcp,5,tcp,0.00094371,0.686071759,0.697899924,udp
0,btcp,0.944240509,0.335876364,0.2775802,tcp,1,btcp,0.83702161,0.36041528,0.170365195,tcp,2,btcp,0.676171982,0.453247591,0.056104466,tcp,3,tcp,0.000690254,0.685856627,0.69140062,btcp,4,tcp,0.000636313,0.686389712,0.689305578,btcp,5,tcp,0.00094371,0.686071759,0.697899924,udp
0,btcp,0.769803194,0.398965902,0.103140222,tcp,1,btcp,0.856969668,0.353234364,0.190311942,tcp,2,btcp,0.793418659,0.382269912,0.12678247,tcp,3,tcp,0.000639073,0.686412818,0.68915222,btcp,4,tcp,0.000700701,0.685848311,0.691713275,btcp,5,tcp,0.00094371,0.686071759,0.697899924,udp
0,btcp,0.971016789,0.333981101,0.304360851,tcp,1,btcp,0.800868981,0.377851757,0.134207679,tcp,2,btcp,0.664082319,0.460474154,0.052420835,tcp,3,tcp,0.000695899,0.685801584,0.691608548,btcp,4,tcp,0.000654849,0.686511002,0.689762498,btcp,5,tcp,0.00094371,0.686071759,0.697899924,udp
0,btcp,0.76868024,0.399862792,0.102019733,tcp,1,btcp,0.912597299,0.339954893,0.245939494,tcp,2,btcp,0.761218471,0.406094633,0.094584706,tcp,3,tcp,0.000770559,0.676097715,0.679545483,btcp,4,tcp,0.000708356,0.685795432,0.691975076,btcp,5,tcp,0.00094371,0.686071759,0.697899924,udp
0,btcp,0.952150894,0.335170063,0.285499009,tcp,1,btcp,0.755707686,0.411137724,0.089046344,tcp,2,btcp,0.73572856,0.432217655,0.069089152,tcp,3,tcp,0.000724851,0.68583677,0.692416317,btcp,4,tcp,0.000786266,0.676215153,0.680208881,btcp,5,tcp,0.00094371,0.686071759,0.697899924,udp
0,btcp,0.783054615,0.389107451,0.116395776,tcp,1,btcp,0.953455061,0.335063388,0.286806196,tcp,2,btcp,0.728994909,0.433857965,0.06777027,tcp,3,tcp,0.000609663,0.676335804,0.674657553,btcp,4,tcp,0.000738788,0.685836929,0.692808817,btcp,5,tcp,0.00094371,0.686071759,0.697899924,udp
0,btcp,0.88424092,0.345619097,0.217585101,tcp,1,btcp,0.75401508,0.41272548,0.087358943,tcp,2,btcp,0.765402927,0.402493451,0.098777467,tcp,3,tcp,0.000595061,0.685654047,0.688595676,btcp,4,tcp,0.000678828,0.686508164,0.690538097,btcp,5,tcp,0.00094371,0.686071759,0.697899924,udp
0,btcp,0.827240313,0.364524607,0.160579368,tcp,1,btcp,0.948108496,0.335492275,0.281473977,tcp,2,btcp,0.647141517,0.466941025,0.050739334,tcp,3,tcp,0.000573956,0.685178607,0.686008005,btcp,4,tcp,0.000585832,0.686023273,0.687959212,btcp,5,tcp,0.00094371,0.686071759,0.697899924,udp
0,btcp,0.820936797,0.367396671,0.154273985,tcp,1,btcp,0.752507035,0.414159282,0.085859402,tcp,2,btcp,0.782276449,0.38954522,0.115678367,tcp,3,tcp,0.000551442,0.674205397,0.668883494,btcp,4,tcp,0.000661608,0.685682001,0.690679604,btcp,5,tcp,0.00094371,0.686071759,0.697899924,udp
0,btcp,0.900592838,0.342105383,0.233931178,tcp,1,btcp,0.839227987,0.359525196,0.172586076,tcp,2,btcp,0.654592641,0.474302196,0.044427656,tcp,3,tcp,0.000511463,0.685470563,0.685815138,btcp,4,tcp,0.001247289,0.655398408,0.648786635,btcp,5,tcp,0.00094371,0.686071759,0.697899924,udp
0,btcp,0.767893269,0.400506928,0.101229543,tcp,1,btcp,0.850747738,0.355299745,0.184101536,tcp,2,btcp,0.747501002,0.419042534,0.080913729,tcp,3,tcp,0.003683836,0.62485266,0.60374481,btcp,4,tcp,0.000506795,0.685635799,0.68547288,btcp,5,tcp,0.00094371,0.686071759,0.697899924,udp
0,btcp,0.911959536,0.340063381,0.24529891,tcp,1,btcp,0.730223292,0.414909146,0.085850022,tcp,2,btcp,0.72389344,0.447495119,0.057297028,tcp,3,tcp,0.000335694,0.679695833,0.66983448,btcp,4,tcp,0.003699544,0.625010729,0.604883291,btcp,5,tcp,0.00094371,0.686071759,0.697899924,udp
0,btcp,0.803516925,0.376350265,0.136853517,tcp,1,btcp,0.942656667,0.335991334,0.276032121,tcp,2,btcp,0.619192851,0.484467797,0.045193287,tcp,3,tcp,0.002256845,0.638970041,0.620899208,btcp,4,tcp,0.000348892,0.680422161,0.671259689,btcp,5,tcp,0.00094371,0.686071759,0.697899924,udp
0,btcp,0.821385143,0.367188213,0.154721138,tcp,1,btcp,0.750970418,0.415652171,0.084328746,tcp,2,btcp,0.770324486,0.398317752,0.103791771,tcp,3,tcp,0.002078089,0.645341676,0.602862466,btcp,4,tcp,0.000465138,0.686186074,0.68316671,btcp,5,tcp,0.00094371,0.686071759,0.697899924,udp
0,btcp,0.872078153,0.348736298,0.205415022,tcp,1,btcp,0.839366016,0.359459736,0.17273253,tcp,2,btcp,0.651909331,0.479340036,0.041687766,tcp,3,tcp,0.000351055,0.676987074,0.650396463,btcp,4,tcp,0.005300079,0.614870959,0.570605436,btcp,5,tcp,0.00094371,0.686071759,0.697899924,udp
0,btcp,0.779819539,0.391395818,0.11315474,tcp,1,btcp,0.845837306,0.357027601,0.179201196,tcp,2,btcp,0.717100459,0.438781166,0.063968503,tcp,3,tcp,0.007945472,0.605064434,0.538976654,btcp,4,tcp,0.002188726,0.636834365,0.612553686,btcp,5,tcp,0.00094371,0.686071759,0.697899924,udp
0,btcp,0.707062221,0.409958652,0.09502408,tcp,1,btcp,0.771345114,0.3977192,0.104697243,tcp,2,btcp,0.649107355,0.474079543,0.045415673,tcp,3,tcp,0.043262938,0.508284866,0.386181284,btcp,4,tcp,0.037592349,0.514672171,0.401658145,btcp,5,tcp,0.00094371,0.686071759,0.697899924,udp
0,btcp,0.709607205,0.402910721,0.104643476,tcp,1,btcp,0.719296088,0.409378594,0.093584762,tcp,2,btcp,0.609515056,0.48830904,0.045391415,tcp,3,tcp,0.075763219,0.465223211,0.302752607,btcp,4,tcp,0.092437934,0.43387622,0.288960806,btcp,5,tcp,0.00094371,0.686071759,0.697899924,udp
0,btcp,0.668170252,0.418848602,0.094132114,tcp,1,btcp,0.719312005,0.40553956,0.09867959,tcp,2,btcp,0.600911286,0.491668539,0.04591107,tcp,3,tcp,0.115990439,0.415311548,0.251688102,btcp,4,tcp,0.121859256,0.394799785,0.254579349,btcp,5,tcp,0.00094371,0.686071759,0.697899924,udp
0,btcp,0.651457337,0.421736854,0.097408431,tcp,1,btcp,0.700397691,0.412154606,0.093525302,tcp,2,btcp,0.617786109,0.484220902,0.045709471,tcp,3,tcp,0.161808284,0.368971983,0.215176276,btcp,4,tcp,0.106078862,0.391023426,0.275925913,btcp,5,tcp,0.00094371,0.686071759,0.697899924,udp
0,btcp,0.646790988,0.422799902,0.098243551,tcp,1,btcp,0.691896592,0.413495744,0.093840643,tcp,2,btcp,0.607507909,0.494588658,0.042014504,tcp,3,tcp,0.1791909,0.33795193,0.206149525,btcp,4,tcp,0.121694495,0.362115219,0.264157463,btcp,5,tcp,0.00094371,0.686071759,0.697899924,udp
0,btcp,0.674270335,0.411330584,0.103403929,tcp,1,btcp,0.650389642,0.429078004,0.087045015,tcp,2,btcp,0.621212378,0.48816285,0.042300875,tcp,3,tcp,0.176719216,0.32114585,0.2074982,btcp,4,tcp,0.139391642,0.334049569,0.252541762,btcp,5,tcp,0.00094371,0.686071759,0.697899924,udp
0,btcp,0.656349485,0.420886263,0.096268162,tcp,1,btcp,0.634462005,0.432237521,0.090424474,tcp,2,btcp,0.610711057,0.498649388,0.038754413,tcp,3,tcp,0.161970075,0.321262733,0.216864681,btcp,4,btcp,0.21722417,0.277101218,0.208553204,btcp,5,tcp,0.00094371,0.686071759,0.697899924,udp
0,btcp,0.647877896,0.422769313,0.097679977,tcp,1,btcp,0.667090577,0.417438976,0.096700621,tcp,2,btcp,0.623332217,0.492871025,0.039007464,tcp,3,tcp,0.114971472,0.378714942,0.251926157,btcp,4,btcp,0.362589161,0.222765804,0.143900673,btcp,5,tcp,0.00094371,0.686071759,0.697899924,udp
0,btcp,0.674336002,0.411381449,0.103288735,tcp,1,btcp,0.642980731,0.431120064,0.087615834,tcp,2,btcp,0.612956842,0.503399343,0.035604944,tcp,3,tcp,0.070126236,0.436032753,0.323580723,btcp,4,btcp,0.544263247,0.214999978,0.128540281,btcp,5,tcp,0.00094371,0.686071759,0.697899924,udp
0,btcp,0.656061845,0.421289789,0.095777817,tcp,1,btcp,0.632136592,0.433439969,0.089960177,tcp,2,btcp,0.610289663,0.506625652,0.034564058,tcp,3,tcp,0.074622344,0.415657233,0.319977513,btcp,4,btcp,0.639016668,0.225917299,0.152265509,btcp,5,tcp,0.00094371,0.686071759,0.697899924,udp
0,btcp,0.647639707,0.422944551,0.097526397,tcp,1,btcp,0.629844827,0.433841281,0.090692255,tcp,2,btcp,0.631261584,0.497628795,0.034820325,tcp,3,tcp,0.060618115,0.445695522,0.347936225,btcp,4,btcp,0.719621981,0.246318583,0.18014499,btcp,5,tcp,0.00094371,0.686071759,0.697899924,udp
0,btcp,0.674269996,0.411520691,0.10308386,tcp,1,btcp,0.630243118,0.433643039,0.090754902,tcp,2,btcp,0.61642487,0.51164496,0.030760687,tcp,3,tcp,0.056536093,0.443525607,0.360138948,btcp,4,btcp,0.788004304,0.26852185,0.208033666,btcp,5,tcp,0.00094371,0.686071759,0.697899924,udp
0,btcp,0.656311621,0.421375523,0.095524003,tcp,1,btcp,0.631674136,0.433231548,0.090535497,tcp,2,btcp,0.624764583,0.507159294,0.031253617,tcp,3,tcp,0.058197774,0.435308086,0.357784885,btcp,4,btcp,0.841871541,0.288224341,0.232342443,btcp,5,tcp,0.00094371,0.686071759,0.697899924,udp
0,btcp,0.691731968,0.406049057,0.105148876,tcp,1,btcp,0.633713532,0.432719478,0.09013449,tcp,2,btcp,0.614425677,0.5177768,0.028394692,tcp,3,tcp,0.044518523,0.457333816,0.393861138,btcp,4,btcp,0.882664278,0.302345072,0.253640527,btcp,5,tcp,0.00094371,0.686071759,0.697899924,udp
0,btcp,0.66313041,0.420518486,0.093739954,tcp,1,btcp,0.636270128,0.432145698,0.089570267,tcp,2,btcp,0.617736549,0.517762885,0.027756697,tcp,3,tcp,0.046613812,0.438201794,0.392832159,btcp,4,btcp,0.913297291,0.312921201,0.27077583,btcp,5,tcp,0.00094371,0.686071759,0.697899924,udp
0,btcp,0.650890362,0.422722977,0.096129539,tcp,1,btcp,0.639327335,0.431535321,0.088843602,tcp,2,btcp,0.630332834,0.51336151,0.027506785,tcp,3,tcp,0.040773278,0.45495911,0.408639238,btcp,4,btcp,0.935013447,0.3199919,0.28386934,btcp,5,tcp,0.00094371,0.686071759,0.697899924,udp
0,btcp,0.676538358,0.41186282,0.101533939,tcp,1,btcp,0.642866513,0.430916539,0.087956777,tcp,2,btcp,0.615032978,0.527077195,0.024449932,tcp,3,tcp,0.040362673,0.449267236,0.412330118,btcp,4,btcp,0.950926616,0.324658189,0.294233714,btcp,5,tcp,0.00094371,0.686071759,0.697899924,udp
0,btcp,0.659646025,0.421525887,0.093753707,tcp,1,btcp,0.646844073,0.430324081,0.086918477,tcp,2,btcp,0.634035042,0.517135313,0.025380066,tcp,3,tcp,0.039297065,0.448183607,0.416908285,btcp,4,btcp,0.960783462,0.327993691,0.300346275,btcp,5,tcp,0.00094371,0.686071759,0.697899924,udp
0,btcp,0.709461727,0.401541848,0.106853543,tcp,1,btcp,0.651187347,0.429797725,0.085743801,tcp,2,btcp,0.61539741,0.533479696,0.02199109,tcp,3,tcp,0.030338672,0.466933009,0.448673235,btcp,4,btcp,0.970763564,0.329733491,0.308202307,btcp,5,tcp,0.00094371,0.686071759,0.697899924,udp
0,btcp,0.673520445,0.420041372,0.090466429,tcp,1,btcp,0.67048813,0.422484478,0.088195245,tcp,2,btcp,0.610083023,0.537609457,0.021448452,tcp,3,tcp,0.03538619,0.447676892,0.43475393,btcp,4,btcp,0.976880245,0.330925954,0.312948319,btcp,5,tcp,0.00094371,0.686071759,0.697899924,udp
0,btcp,0.660413786,0.422277674,0.092311844,tcp,1,btcp,0.663962041,0.428854689,0.082231387,tcp,2,btcp,0.629946895,0.52837604,0.021591889,tcp,3,tcp,0.026977627,0.469695706,0.464982449,btcp,4,btcp,0.981424536,0.331699735,0.316609309,btcp,5,tcp,0.00094371,0.686071759,0.697899924,udp
0,btcp,0.712483811,0.402205093,0.10500938,tcp,1,btcp,0.693619744,0.416468988,0.089449456,tcp,2,btcp,0.612143645,0.543992385,0.018951232,tcp,3,tcp,0.021917085,0.480432223,0.49126488,btcp,4,btcp,0.98276752,0.332319357,0.317313212,btcp,5,tcp,0.00094371,0.686071759,0.697899924,udp
0,btcp,0.67967432,0.420291466,0.088189207,tcp,1,btcp,0.675716035,0.428886123,0.078838753,tcp,2,btcp,0.627561782,0.534796361,0.019627416,tcp,3,tcp,0.024304495,0.467766161,0.483864184,btcp,4,btcp,0.985338999,0.332668536,0.319484545,btcp,5,tcp,0.00094371,0.686071759,0.697899924,udp
0,btcp,0.719252222,0.402723276,0.102711005,tcp,1,btcp,0.672700872,0.430115009,0.078217591,tcp,2,btcp,0.609684018,0.550077198,0.017435598,tcp,3,tcp,0.019175077,0.484686578,0.50828808,btcp,4,btcp,0.989462686,0.332822116,0.323382886,btcp,5,tcp,0.00094371,0.686071759,0.697899924,udp
0,btcp,0.685082277,0.420818061,0.086045811,tcp,1,btcp,0.701330404,0.418555781,0.08528853,tcp,2,btcp,0.604426143,0.554163712,0.017099308,tcp,3,tcp,0.024466908,0.462901966,0.486366561,btcp,4,btcp,0.991049171,0.332972646,0.324798664,btcp,5,tcp,0.00094371,0.686071759,0.697899924,udp
0,btcp,0.699331982,0.412771919,0.092954217,tcp,1,btcp,0.684955311,0.431031766,0.074516716,tcp,2,btcp,0.621497412,0.544560358,0.017213786,tcp,3,tcp,0.018495323,0.485204629,0.512890679,btcp,4,btcp,0.990719991,0.333101707,0.32434642,btcp,5,tcp,0.00094371,0.686071759,0.697899924,udp
0,btcp,0.717881007,0.408116031,0.095462251,tcp,1,btcp,0.718857776,0.415252482,0.086550549,tcp,2,btcp,0.604086111,0.559271435,0.015655189,tcp,3,tcp,0.017137292,0.484509024,0.527607444,btcp,4,btcp,0.982671074,0.333357346,0.316206269,btcp,5,tcp,0.00094371,0.686071759,0.697899924,udp
0,btcp,0.691022792,0.422297924,0.08289801,tcp,1,btcp,0.692653836,0.433075136,0.071213807,tcp,2,btcp,0.608466652,0.557421731,0.015357045,tcp,3,tcp,0.025230278,0.458944042,0.484465727,btcp,4,btcp,0.991470831,0.333236354,0.324954487,btcp,5,tcp,0.00094371,0.686071759,0.697899924,udp
0,btcp,0.726705008,0.405803728,0.097181686,tcp,1,btcp,0.708502666,0.423494676,0.078744172,tcp,2,btcp,0.598404489,0.566369074,0.014684615,tcp,3,tcp,0.018523102,0.484902407,0.512044718,btcp,4,btcp,0.992423848,0.333264148,0.325868642,btcp,5,tcp,0.00094371,0.686071759,0.697899924,udp
0,btcp,0.696733303,0.423816062,0.080100732,tcp,1,btcp,0.692097226,0.43658409,0.067998026,tcp,2,btcp,0.598976418,0.567019929,0.014338543,tcp,3,tcp,0.029898216,0.445531874,0.464811106,btcp,4,btcp,0.992961553,0.333286153,0.32637873,btcp,5,tcp,0.00094371,0.686071759,0.697899924,udp
0,btcp,0.749212465,0.400250065,0.102196085,tcp,1,btcp,0.710062281,0.42741942,0.074611103,tcp,2,btcp,0.592827957,0.573202243,0.013905387,tcp,3,tcp,0.020939862,0.478026703,0.497348984,btcp,4,btcp,0.977669977,0.333658598,0.311062994,btcp,5,tcp,0.00094371,0.686071759,0.697899924,udp
0,btcp,0.704409736,0.4255849,0.077081569,tcp,1,btcp,0.713196365,0.428757035,0.073048814,tcp,2,btcp,0.589067938,0.576377702,0.013807309,tcp,3,tcp,0.032299946,0.441250524,0.454193742,btcp,4,btcp,0.9853528,0.333450045,0.318732903,btcp,5,tcp,0.00094371,0.686071759,0.697899924,udp
0,btcp,0.721368442,0.41455615,0.087066258,tcp,1,btcp,0.695331283,0.442169624,0.062758702,tcp,2,btcp,0.591532249,0.577658473,0.01294129,tcp,3,tcp,0.022657443,0.474188635,0.487850417,btcp,4,btcp,0.996257267,0.333302222,0.329632046,btcp,5,tcp,0.00094371,0.686071759,0.697899924,udp
0,btcp,0.726267386,0.415451471,0.085578783,tcp,1,btcp,0.727451412,0.423018371,0.07762519,tcp,2,btcp,0.58529155,0.583402332,0.01280507,tcp,3,tcp,0.019928184,0.476726599,0.508313623,btcp,4,btcp,0.978124582,0.33367344,0.311487956,btcp,5,tcp,0.00094371,0.686071759,0.697899924,udp
0,btcp,0.702863794,0.429628272,0.073226729,tcp,1,btcp,0.698450181,0.446104492,0.059318548,tcp,2,btcp,0.58621239,0.583948407,0.01235996,tcp,3,tcp,0.028274396,0.453231721,0.469101418,btcp,4,btcp,0.996746366,0.333315357,0.330105528,btcp,5,tcp,0.00094371,0.686071759,0.697899924,udp
0,btcp,0.754580377,0.403641529,0.097618527,tcp,1,btcp,0.693375173,0.448915348,0.057562039,tcp,2,btcp,0.579814769,0.589524921,0.012390481,tcp,3,tcp,0.020816007,0.479419588,0.498033174,btcp,4,btcp,0.982744907,0.333543514,0.316096837,btcp,5,tcp,0.00094371,0.686071759,0.697899924,udp
0,btcp,0.70958231,0.43233019,0.070031204,tcp,1,btcp,0.723067423,0.430355995,0.070980161,tcp,2,btcp,0.580537235,0.590017602,0.011954779,tcp,3,tcp,0.028955877,0.450670918,0.466481507,btcp,4,btcp,0.970821691,0.333986672,0.304169131,btcp,5,tcp,0.00094371,0.686071759,0.697899924,udp
0,btcp,0.715655968,0.426076768,0.075421292,tcp,1,btcp,0.69718929,0.45343396,0.053952802,tcp,2,btcp,0.573946248,0.595331957,0.012165149,tcp,3,tcp,0.024081818,0.468252343,0.483005406,btcp,4,btcp,0.997156526,0.333324139,0.330505078,btcp,5,tcp,0.00094371,0.686071759,0.697899924,udp
0,btcp,0.730558083,0.419753079,0.080720469,tcp,1,btcp,0.727743902,0.430646372,0.070561997,tcp,2,btcp,0.573783246,0.595120715,0.012004402,tcp,3,tcp,0.018655587,0.48581004,0.511384297,btcp,4,btcp,0.962448994,0.334444006,0.295792699,btcp,5,tcp,0.00094371,0.686071759,0.697899924,udp
0,btcp,0.706164389,0.437995728,0.065325952,tcp,1,btcp,0.697207376,0.458154333,0.050696683,tcp,2,btcp,0.567026729,0.600295752,0.012367183,tcp,3,tcp,0.020839045,0.474584211,0.503583942,btcp,4,btcp,0.997314312,0.333326477,0.330659884,btcp,5,tcp,0.00094371,0.686071759,0.697899924,udp
0,btcp,0.753154158,0.409274494,0.091102238,tcp,1,btcp,0.691133795,0.461745719,0.048671047,tcp,2,btcp,0.563307651,0.603237141,0.012461412,tcp,3,tcp,0.016358652,0.492096522,0.52701633,btcp,4,btcp,0.978969079,0.333666266,0.31231179,btcp,5,tcp,0.00094371,0.686071759,0.697899924,udp
0,btcp,0.709092456,0.441505998,0.062247067,tcp,1,btcp,0.714103607,0.444577854,0.059640051,tcp,2,btcp,0.564148928,0.603429134,0.011911507,tcp,3,tcp,0.013826588,0.501697628,0.546413704,btcp,4,btcp,0.997532665,0.333328862,0.330875019,btcp,5,tcp,0.00094371,0.686071759,0.697899924,udp
0,btcp,0.702432693,0.444176561,0.060539708,tcp,1,btcp,0.691749737,0.467485083,0.045026494,tcp,2,btcp,0.556982354,0.608059546,0.012555992,tcp,3,tcp,0.021920621,0.465880801,0.503020524,btcp,4,btcp,0.997635054,0.333329049,0.330976851,btcp,5,tcp,0.00094371,0.686071759,0.697899924,udp
0,btcp,0.746179762,0.415858992,0.08417774,tcp,1,btcp,0.716862862,0.444818864,0.059380084,tcp,2,btcp,0.556898628,0.608203008,0.012154842,tcp,3,tcp,0.015914138,0.492298182,0.529656818,btcp,4,btcp,0.933144714,0.337065285,0.266483014,btcp,5,tcp,0.00094371,0.686071759,0.697899924,udp
0,btcp,0.706763108,0.448067337,0.057321955,tcp,1,btcp,0.690006175,0.472829181,0.041960595,tcp,2,btcp,0.549305796,0.612522924,0.01300609,tcp,3,tcp,0.047478739,0.3922763,0.422038857,btcp,4,btcp,0.956969939,0.33481463,0.290307921,btcp,5,tcp,0.00094371,0.686071759,0.697899924,udp
0,btcp,0.747936833,0.416747444,0.083258523,tcp,1,btcp,0.684445578,0.476669665,0.040071245,tcp,2,btcp,0.544887784,0.614863921,0.01336406,tcp,3,tcp,0.050724765,0.419083268,0.386186034,btcp,4,btcp,0.932333822,0.337163959,0.265670374,btcp,5,tcp,0.00094371,0.686071759,0.697899924,udp
0,btcp,0.705975857,0.452067811,0.054471611,tcp,1,btcp,0.687401716,0.475261985,0.040705422,tcp,2,btcp,0.544922907,0.61464246,0.012865493,tcp,3,tcp,0.03450116,0.456980759,0.431435599,btcp,4,btcp,0.997463482,0.333333391,0.330801584,btcp,5,tcp,0.00094371,0.686071759,0.697899924,udp
0,btcp,0.699453643,0.455345561,0.052487184,tcp,1,btcp,0.680352166,0.48416587,0.036282582,tcp,2,btcp,0.536797163,0.61839774,0.014001377,tcp,3,btcp,0.231690955,0.247879596,0.191075575,btcp,4,btcp,0.823059236,0.366412277,0.156394834,btcp,5,tcp,0.00094371,0.686071759,0.697899924,udp
0,btcp,0.734775964,0.428072764,0.072688077,tcp,1,btcp,0.676825676,0.488231906,0.034422763,tcp,2,btcp,0.54066347,0.616525312,0.012521942,tcp,3,tcp,0.172809123,0.350543289,0.190281529,btcp,4,btcp,0.926158412,0.337946518,0.259494924,btcp,5,tcp,0.00094371,0.686071759,0.697899924,udp
0,btcp,0.737835698,0.429036785,0.071819513,tcp,1,btcp,0.673756592,0.492343781,0.032601314,tcp,2,btcp,0.527599202,0.621505575,0.014819847,tcp,3,btcp,0.487273976,0.254015331,0.099923734,btcp,4,btcp,0.766510429,0.401643934,0.099845669,btcp,5,tcp,0.00094371,0.686071759,0.697899924,udp
0,btcp,0.705583626,0.456589768,0.051390657,tcp,1,btcp,0.670656654,0.49649742,0.030846365,tcp,2,btcp,0.525375316,0.621080828,0.01476565,tcp,3,btcp,0.542674704,0.301137074,0.0745103,btcp,4,btcp,0.883962743,0.345695131,0.217299017,btcp,5,tcp,0.00094371,0.686071759,0.697899924,udp
0,btcp,0.730846494,0.433685737,0.067913589,tcp,1,btcp,0.667516946,0.500680955,0.02916363,tcp,2,btcp,0.512023225,0.620150857,0.016608909,tcp,3,btcp,0.649521369,0.268275398,0.123940208,btcp,4,btcp,0.761712221,0.401856251,0.099624144,btcp,5,tcp,0.00094371,0.686071759,0.697899924,udp
0,btcp,0.703050819,0.461440205,0.048322002,tcp,1,btcp,0.664348264,0.504885519,0.02755555,tcp,2,btcp,0.512307969,0.615175245,0.015420027,tcp,3,btcp,0.656959442,0.328678576,0.087983914,btcp,4,btcp,0.882403992,0.346070629,0.215740107,btcp,5,tcp,0.00094371,0.686071759,0.697899924,udp
0,btcp,0.706745875,0.457658157,0.050651198,tcp,1,btcp,0.666340718,0.50402337,0.027792053,tcp,2,btcp,0.492352415,0.614112831,0.018980413,tcp,3,btcp,0.731365487,0.307844882,0.138626223,btcp,4,btcp,0.805198183,0.375418415,0.138532987,btcp,5,tcp,0.00094371,0.686071759,0.697899924,udp
0,btcp,0.72167263,0.444365756,0.059629675,tcp,1,btcp,0.659321967,0.512658875,0.024732651,tcp,2,btcp,0.489443525,0.60731882,0.018332714,tcp,3,btcp,0.728489165,0.348944589,0.109764382,btcp,4,btcp,0.837409558,0.360273542,0.170744083,btcp,5,tcp,0.00094371,0.686071759,0.697899924,udp
0,btcp,0.695833802,0.472880863,0.041712704,tcp,1,btcp,0.666346566,0.508468319,0.025950381,tcp,2,btcp,0.467127922,0.604852893,0.022909644,tcp,3,btcp,0.729141287,0.373199872,0.09585648,btcp,4,btcp,0.915791473,0.339450838,0.249126396,btcp,5,tcp,0.00094371,0.686071759,0.697899924,udp
0,btcp,0.731987166,0.436586829,0.065546027,tcp,1,btcp,0.655037648,0.520496553,0.022084163,tcp,2,btcp,0.466954102,0.593597643,0.021172047,tcp,3,btcp,0.790306827,0.345363399,0.148961883,btcp,4,btcp,0.773867346,0.395799217,0.107201633,btcp,5,tcp,0.00094371,0.686071759,0.697899924,udp
0,btcp,0.695193121,0.477097294,0.03941391,tcp,1,btcp,0.650576186,0.524986902,0.020828326,tcp,2,btcp,0.438440461,0.591940943,0.02827978,tcp,3,btcp,0.76954529,0.371575766,0.118979229,btcp,4,btcp,0.907078871,0.340905715,0.240414032,btcp,5,tcp,0.00094371,0.686071759,0.697899924,udp
0,btcp,0.710170286,0.458805492,0.049835891,tcp,1,btcp,0.657638687,0.52011512,0.02204037,tcp,2,btcp,0.418610572,0.584460699,0.032967884,tcp,3,btcp,0.829327057,0.34612007,0.175235342,btcp,4,btcp,0.793281823,0.382402847,0.12661615,btcp,5,tcp,0.00094371,0.686071759,0.697899924,udp
0,btcp,0.704222575,0.467254166,0.044750476,tcp,1,btcp,0.646948659,0.532026213,0.018756987,tcp,2,btcp,0.414519726,0.577726076,0.033285735,tcp,3,btcp,0.78213187,0.377567092,0.122794787,btcp,4,btcp,0.878303653,0.34709339,0.211638258,btcp,5,tcp,0.00094371,0.686071759,0.697899924,udp
0,btcp,0.699500439,0.474146478,0.040919635,tcp,1,btcp,0.65824962,0.523804941,0.020696926,tcp,2,btcp,0.386384257,0.57165456,0.041788805,tcp,3,btcp,0.724093844,0.414683629,0.081554442,btcp,4,btcp,0.956109141,0.33487997,0.289444263,btcp,5,tcp,0.00094371,0.686071759,0.697899924,udp
0,btcp,0.714193125,0.457199759,0.050820099,tcp,1,btcp,0.643807749,0.538887484,0.016874436,tcp,2,btcp,0.387561991,0.556059306,0.039400115,tcp,3,btcp,0.664499619,0.428684512,0.077782729,btcp,4,btcp,0.92576352,0.338001522,0.259098125,btcp,5,tcp,0.00094371,0.686071759,0.697899924,udp
0,btcp,0.726710597,0.443763891,0.060044129,tcp,1,btcp,0.648835164,0.534465899,0.017830918,tcp,2,btcp,0.371391394,0.547223344,0.044226923,tcp,3,btcp,0.621180652,0.443854111,0.077840604,btcp,4,btcp,0.899346269,0.342353778,0.232680476,btcp,5,tcp,0.00094371,0.686071759,0.697899924,udp
0,btcp,0.692055796,0.486394662,0.034737208,tcp,1,btcp,0.643268137,0.541966424,0.016006029,tcp,2,btcp,0.324576228,0.544471686,0.063484677,tcp,3,btcp,0.680069089,0.416628659,0.090198815,btcp,4,btcp,0.98089936,0.3336137,0.314234044,btcp,5,tcp,0.00094371,0.686071759,0.697899924,udp
0,btcp,0.725964814,0.44478012,0.059298624,tcp,1,btcp,0.639691522,0.544804007,0.015491754,tcp,2,btcp,0.31716793,0.525716707,0.065097364,tcp,3,btcp,0.631139838,0.443812036,0.075045987,btcp,4,btcp,0.899763532,0.342272031,0.23309758,btcp,5,tcp,0.00094371,0.686071759,0.697899924,udp
0,btcp,0.690521498,0.489934431,0.033079352,tcp,1,btcp,0.63211201,0.552393743,0.014128326,tcp,2,btcp,0.271199334,0.524455296,0.089314071,tcp,3,btcp,0.722233677,0.405867421,0.096358382,btcp,4,btcp,0.966128443,0.334239497,0.29946273,btcp,5,tcp,0.00094371,0.686071759,0.697899924,udp
0,btcp,0.720478851,0.45261516,0.053813218,tcp,1,btcp,0.643529733,0.54355264,0.015509966,tcp,2,btcp,0.237838869,0.516167468,0.109826431,tcp,3,btcp,0.645392929,0.443319235,0.071022425,btcp,4,btcp,0.922331294,0.338475943,0.255665303,btcp,5,tcp,0.00094371,0.686071759,0.697899924,udp
0,btcp,0.687769272,0.494539535,0.031027373,tcp,1,btcp,0.628724438,0.557577214,0.013130438,tcp,2,btcp,0.234662172,0.489063138,0.110588488,tcp,3,btcp,0.710435622,0.412291758,0.09054827,btcp,4,btcp,0.936398506,0.33669583,0.269732475,btcp,5,tcp,0.00094371,0.686071759,0.697899924,udp
0,btcp,0.681641353,0.498888688,0.029275573,tcp,1,btcp,0.639024953,0.548943624,0.014364426,tcp,2,btcp,0.184144134,0.496717989,0.150748188,tcp,3,btcp,0.715291018,0.418543234,0.0827707,btcp,4,btcp,0.966904411,0.33419757,0.30023846,btcp,5,tcp,0.00094371,0.686071759,0.697899924,udp
0,btcp,0.715089548,0.459933822,0.049078946,tcp,1,btcp,0.623855221,0.56262326,0.012399225,tcp,2,btcp,0.174267635,0.479684483,0.159721141,tcp,3,btcp,0.636299848,0.447503447,0.070253968,btcp,4,btcp,0.915324208,0.339525657,0.248657979,btcp,5,tcp,0.00094371,0.686071759,0.697899924,udp
0,btcp,0.682648055,0.501205454,0.02825728,tcp,1,btcp,0.623312128,0.56208276,0.012560281,tcp,2,tcp,0.130676392,0.491264075,0.207632883,tcp,3,btcp,0.768539446,0.399457829,0.102165994,btcp,4,btcp,0.930341742,0.337410591,0.263675513,btcp,5,tcp,0.00094371,0.686071759,0.697899924,udp
0,btcp,0.708280216,0.467041054,0.044821201,tcp,1,btcp,0.626493109,0.561528253,0.012307056,tcp,2,tcp,0.102871985,0.488607462,0.246371637,tcp,3,btcp,0.65634795,0.447402536,0.064471642,btcp,4,btcp,0.937760057,0.336545966,0.271093787,btcp,5,tcp,0.00094371,0.686071759,0.697899924,udp
0,btcp,0.687401999,0.495266653,0.030708429,tcp,1,btcp,0.614428486,0.571510544,0.011429043,tcp,2,tcp,0.09863991,0.469329032,0.254906778,tcp,3,btcp,0.731928229,0.41155825,0.089274545,btcp,4,btcp,0.909413519,0.340499781,0.242747131,btcp,5,tcp,0.00094371,0.686071759,0.697899924,udp
0,btcp,0.677190111,0.506025965,0.026435807,tcp,1,btcp,0.619691791,0.566445164,0.011837186,tcp,2,tcp,0.062114187,0.501124982,0.32282842,tcp,3,btcp,0.742996846,0.417813752,0.082086557,btcp,4,btcp,0.960347656,0.334588014,0.293681347,btcp,5,tcp,0.00094371,0.686071759,0.697899924,udp
0,btcp,0.68584863,0.495103435,0.030815955,tcp,1,btcp,0.608060231,0.576372728,0.011151071,tcp,2,tcp,0.06438001,0.473389206,0.322837055,tcp,3,btcp,0.638835074,0.452932955,0.064264537,btcp,4,btcp,0.960737588,0.334562661,0.294071279,btcp,5,tcp,0.00094371,0.686071759,0.697899924,udp
0,btcp,0.673255266,0.512069561,0.024207292,tcp,1,btcp,0.603596443,0.580047686,0.010985851,tcp,2,tcp,0.034218239,0.519923716,0.400956091,tcp,3,btcp,0.814687855,0.370124387,0.14822754,btcp,4,btcp,0.827533139,0.364403738,0.160866632,btcp,5,tcp,0.00094371,0.686071759,0.697899924,udp
0,btcp,0.671600127,0.51251714,0.024100349,tcp,1,btcp,0.610487054,0.574916269,0.010946687,tcp,2,tcp,0.029948167,0.50826468,0.422070783,tcp,3,btcp,0.730133147,0.438158741,0.064214876,btcp,4,btcp,0.952840205,0.335130569,0.286173896,btcp,5,tcp,0.00094371,0.686071759,0.697899924,udp
0,btcp,0.665567103,0.519803495,0.02169165,tcp,1,btcp,0.598581894,0.584408193,0.01072349,tcp,2,tcp,0.021605922,0.524936575,0.455541683,tcp,3,btcp,0.770075093,0.398504227,0.103548696,btcp,4,btcp,0.888159236,0.344722312,0.221492768,btcp,5,tcp,0.00094371,0.686071759,0.697899924,udp
0,btcp,0.661549287,0.523914498,0.020462505,tcp,1,btcp,0.593982441,0.587944948,0.010697914,tcp,2,tcp,0.009730549,0.566167011,0.519564233,tcp,3,btcp,0.842264932,0.358092707,0.175817094,btcp,4,btcp,0.815417854,0.370069591,0.148751306,btcp,5,tcp,0.00094371,0.686071759,0.697899924,udp
0,btcp,0.661202347,0.524901326,0.020142382,tcp,1,btcp,0.590795675,0.5912639,0.010513017,tcp,2,tcp,0.017265527,0.526113064,0.482375218,tcp,3,btcp,0.72731495,0.435706339,0.066178939,btcp,4,btcp,0.968463589,0.334116428,0.30179724,btcp,5,tcp,0.00094371,0.686071759,0.697899924,udp
0,btcp,0.655274574,0.53171846,0.018248476,tcp,1,btcp,0.587691413,0.594467785,0.010351793,tcp,2,tcp,0.006340452,0.576814312,0.5492085,tcp,3,btcp,0.850918632,0.35490658,0.184521021,btcp,4,btcp,0.815165533,0.370195084,0.148499025,btcp,5,tcp,0.00094371,0.686071759,0.697899924,udp
0,btcp,0.651039361,0.535402446,0.017370034,tcp,1,btcp,0.584525858,0.597556799,0.010233456,tcp,2,tcp,0.009877392,0.545143215,0.536666704,tcp,3,btcp,0.788242286,0.385352478,0.121740168,btcp,4,btcp,0.881017572,0.346413539,0.214351104,btcp,5,tcp,0.00094371,0.686071759,0.697899924,udp
0,btcp,0.650987633,0.536668038,0.016981607,tcp,1,btcp,0.581272305,0.60052249,0.010159861,tcp,2,tcp,0.007122441,0.563381668,0.549343063,tcp,3,btcp,0.893821185,0.343156522,0.227423733,btcp,4,btcp,0.769916013,0.398882384,0.103249465,btcp,5,tcp,0.00094371,0.686071759,0.697899924,udp
0,btcp,0.648244413,0.539715655,0.016256191,tcp,1,btcp,0.582367524,0.599484508,0.009864593,tcp,2,tcp,0.016948418,0.514593242,0.49980261,tcp,3,btcp,0.876623111,0.347256419,0.210171856,btcp,4,btcp,0.724153764,0.397489595,0.109715469,btcp,5,tcp,0.00094371,0.686071759,0.697899924,udp
0,btcp,0.648884311,0.540060415,0.016098265,tcp,1,btcp,0.584709363,0.596740849,0.009593503,tcp,2,tcp,0.006841472,0.559680418,0.55985234,tcp,3,btcp,0.928760664,0.337349311,0.262325581,btcp,4,btcp,0.685508387,0.407918152,0.104393181,btcp,5,tcp,0.00094371,0.686071759,0.697899924,udp
0,btcp,0.640030944,0.549101016,0.014237941,tcp,1,btcp,0.570533906,0.604818428,0.010804488,tcp,2,tcp,0.01328779,0.524561157,0.521319374,tcp,3,btcp,0.907744017,0.340588974,0.241248654,btcp,4,btcp,0.728184363,0.390819292,0.120271822,btcp,5,tcp,0.00094371,0.686071759,0.697899924,udp
0,btcp,0.6428445,0.546826633,0.014604441,tcp,1,btcp,0.582775034,0.597198067,0.009206273,tcp,2,tcp,0.014152287,0.519690609,0.517122362,tcp,3,btcp,0.865596718,0.350443032,0.199037499,btcp,4,btcp,0.803298722,0.376477768,0.136632095,btcp,5,tcp,0.00094371,0.686071759,0.697899924,udp
0,btcp,0.637893434,0.55299012,0.013360491,tcp,1,btcp,0.563450998,0.607252489,0.011197732,tcp,2,tcp,0.006440066,0.559347538,0.563079315,tcp,3,btcp,0.955562522,0.334769974,0.289037556,btcp,4,btcp,0.715537664,0.405367907,0.099641856,btcp,5,tcp,0.00094371,0.686071759,0.697899924,udp
0,btcp,0.638122415,0.553165118,0.013265988,tcp,1,btcp,0.574669226,0.602407713,0.009079172,tcp,2,tcp,0.015732804,0.509569751,0.517954674,tcp,3,btcp,0.837918968,0.359980594,0.17131882,btcp,4,btcp,0.823786114,0.366082444,0.157119487,btcp,5,tcp,0.00094371,0.686071759,0.697899924,udp
0,btcp,0.636060857,0.555775318,0.012751264,tcp,1,btcp,0.553980463,0.611725493,0.011714015,tcp,2,tcp,0.003647848,0.582961613,0.587496178,tcp,3,btcp,0.963490605,0.334275642,0.296933611,btcp,4,btcp,0.726280462,0.40561554,0.097489408,btcp,5,tcp,0.00094371,0.686071759,0.697899924,udp
0,btcp,0.62648401,0.564121145,0.01164315,tcp,1,btcp,0.55800271,0.608509471,0.010624289,tcp,2,tcp,0.01630941,0.508885944,0.513199237,tcp,3,btcp,0.824939062,0.365484009,0.158324211,btcp,4,btcp,0.850370978,0.355457718,0.183704351,btcp,5,tcp,0.00094371,0.686071759,0.697899924,udp
0,btcp,0.629454586,0.562030641,0.011769273,tcp,1,btcp,0.553703997,0.609362844,0.010857834,tcp,2,tcp,0.020937104,0.492986144,0.486898044,tcp,3,btcp,0.830292442,0.363156694,0.163661856,btcp,4,btcp,0.837253118,0.3603374,0.170586451,btcp,5,tcp,0.00094371,0.686071759,0.697899924,udp
0,btcp,0.631315793,0.56107078,0.011748145,tcp,1,btcp,0.535796339,0.616293181,0.013784026,tcp,2,tcp,0.00885655,0.54400647,0.543786938,tcp,3,btcp,0.7887272,0.385273254,0.122081315,btcp,4,btcp,0.867897168,0.349913254,0.201230501,btcp,5,tcp,0.00618399,0.615566649,0.632776529,udp
0,btcp,0.618509426,0.571380038,0.010746011,tcp,1,btcp,0.547713825,0.608594063,0.011057286,tcp,2,tcp,0.009483385,0.539919196,0.538755956,tcp,3,btcp,0.793012476,0.38254946,0.126359915,btcp,4,btcp,0.825695277,0.365219276,0.159028611,btcp,5,tcp,0.024575746,0.541353701,0.552366896,udp
0,btcp,0.613939203,0.574759267,0.010520113,tcp,1,btcp,0.525551688,0.617205996,0.0150131,tcp,2,tcp,0.010840194,0.53676511,0.524979339,tcp,3,btcp,0.787049053,0.38639724,0.120391406,btcp,4,btcp,0.789551918,0.384771729,0.122885251,btcp,5,tcp,0.068270961,0.464482983,0.482250815,udp
0,btcp,0.610769586,0.57798951,0.010191014,tcp,1,btcp,0.514332714,0.616901641,0.016566726,tcp,2,tcp,0.006181756,0.564510417,0.559158612,tcp,3,btcp,0.790702042,0.384021736,0.124041653,btcp,4,btcp,0.733055568,0.39963696,0.104798849,btcp,5,tcp,0.102814044,0.427840523,0.465053399,udp
0,btcp,0.607704431,0.581126719,0.009892086,tcp,1,btcp,0.503184652,0.614286769,0.017850713,tcp,2,tcp,0.003157071,0.587680722,0.595167088,tcp,3,btcp,0.740971686,0.401710112,0.100939749,btcp,4,btcp,0.783898483,0.382545303,0.126559049,btcp,5,tcp,0.121840321,0.411080976,0.457852033,udp
0,btcp,0.604631919,0.584167395,0.009633922,tcp,1,btcp,0.490971444,0.61063174,0.019422708,tcp,2,tcp,0.002926153,0.587887257,0.60105134,tcp,3,btcp,0.746256879,0.395221713,0.109522028,btcp,4,btcp,0.787080116,0.386391626,0.120413449,btcp,5,tcp,0.120218767,0.408865337,0.460174887,udp
0,btcp,0.601533912,0.587105789,0.0094163,tcp,1,btcp,0.477725527,0.606209664,0.021362574,tcp,2,tcp,0.002661126,0.58985159,0.606550806,tcp,3,btcp,0.750301762,0.395773521,0.108288955,btcp,4,btcp,0.758470652,0.393962738,0.110238629,btcp,5,tcp,0.138093442,0.39539018,0.448517224,udp
0,btcp,0.598399206,0.589935615,0.009238307,tcp,1,btcp,0.46339394,0.601051796,0.023737474,tcp,2,tcp,0.002316128,0.591570984,0.618628615,tcp,3,btcp,0.779768697,0.389790167,0.115433643,btcp,4,btcp,0.745836118,0.394673804,0.110399305,btcp,5,tcp,0.123567744,0.400184604,0.460454502,udp
0,btcp,0.59521653,0.592650674,0.009099168,tcp,1,btcp,0.447842623,0.595134534,0.026642248,tcp,2,tcp,0.001382905,0.609214244,0.633838324,tcp,3,btcp,0.731001514,0.405028118,0.097645335,btcp,4,btcp,0.78649142,0.384895688,0.122709717,btcp,5,tcp,0.132838988,0.392720068,0.452868833,udp
0,btcp,0.591974492,0.595244155,0.00899836,tcp,1,btcp,0.430897586,0.588423396,0.030205897,tcp,2,tcp,0.001673334,0.602486403,0.628708886,tcp,3,btcp,0.695608193,0.411428312,0.0957279,btcp,4,btcp,0.771748762,0.392211994,0.112112999,btcp,5,tcp,0.156828227,0.378695167,0.440802428,udp
0,btcp,0.588660951,0.597709418,0.008935601,tcp,1,btcp,0.412357634,0.580887744,0.034601098,tcp,2,tcp,0.001726692,0.601254215,0.627921281,tcp,3,btcp,0.697044729,0.408564591,0.099479262,btcp,4,btcp,0.732867009,0.40074364,0.103239891,btcp,5,tcp,0.16049348,0.376054883,0.444018336,udp
0,btcp,0.589195417,0.598463795,0.008458974,tcp,1,btcp,0.392010981,0.572515684,0.040055249,tcp,2,tcp,0.002463974,0.589141515,0.618610062,tcp,3,btcp,0.698371045,0.408812804,0.098738673,btcp,4,btcp,0.703725705,0.406421209,0.100834593,btcp,5,tcp,0.152932698,0.371665527,0.449354862,udp
0,btcp,0.582232143,0.602359301,0.008789585,tcp,1,btcp,0.369642651,0.56329068,0.046869234,tcp,2,tcp,0.001238606,0.610959116,0.644332542,tcp,3,btcp,0.697952721,0.40930945,0.098128103,btcp,4,btcp,0.735688876,0.394879625,0.111596868,btcp,5,tcp,0.164559618,0.366201046,0.441053267,udp
0,btcp,0.577084654,0.603600848,0.009265237,tcp,1,btcp,0.345075239,0.5532417,0.055429031,tcp,2,tcp,0.001361757,0.608001425,0.640773141,tcp,3,btcp,0.670332241,0.419497677,0.09235965,btcp,4,btcp,0.706328853,0.407206649,0.099029257,btcp,5,tcp,0.189130031,0.357507957,0.434850576,udp
0,btcp,0.573429652,0.605661758,0.009330986,tcp,1,btcp,0.318136417,0.542507896,0.066248122,tcp,2,tcp,0.002079992,0.594627354,0.628622903,tcp,3,btcp,0.672114103,0.416344562,0.096302111,btcp,4,btcp,0.665680735,0.418868679,0.095125336,btcp,5,tcp,0.192591784,0.352177549,0.435792588,udp
0,btcp,0.576983962,0.603270291,0.008583142,tcp,1,btcp,0.288833956,0.531401523,0.079937895,tcp,2,tcp,0.002340915,0.590798782,0.625187676,tcp,3,btcp,0.687100521,0.411455155,0.098229449,btcp,4,btcp,0.691006443,0.406156824,0.105234986,btcp,5,tcp,0.162803313,0.357683975,0.442577914,udp
0,btcp,0.573338747,0.604044527,0.008697281,tcp,1,btcp,0.257260448,0.52038827,0.09727878,tcp,2,tcp,0.001694962,0.601848085,0.641404188,tcp,3,btcp,0.692413306,0.411223482,0.096917382,btcp,4,btcp,0.730971695,0.396496754,0.109897317,btcp,5,tcp,0.150158702,0.36558754,0.446444013,udp
0,btcp,0.568330169,0.604833241,0.009041479,tcp,1,btcp,0.223732188,0.510160152,0.11919478,tcp,2,tcp,0.001007782,0.620319144,0.661935072,tcp,3,btcp,0.679861642,0.416373572,0.093450309,btcp,4,btcp,0.730674442,0.400298229,0.104205957,btcp,5,tcp,0.159321355,0.36312524,0.444363209,udp
0,btcp,0.559355478,0.608284603,0.009843151,tcp,1,btcp,0.18885358,0.50166603,0.146716454,tcp,2,tcp,0.000898926,0.627739309,0.671535596,tcp,3,btcp,0.67426914,0.417311698,0.094050239,btcp,4,btcp,0.686036163,0.414566575,0.094044028,btcp,5,tcp,0.19099022,0.352125749,0.433539223,udp
0,btcp,0.549546299,0.611394313,0.01105493,tcp,1,tcp,0.153630439,0.496110116,0.180815879,tcp,2,tcp,0.000735403,0.632014681,0.669910357,tcp,3,btcp,0.646912238,0.428408534,0.089562188,btcp,4,btcp,0.695303386,0.407245542,0.102015958,btcp,5,tcp,0.202775347,0.347911321,0.432857368,udp
0,btcp,0.543094075,0.612110895,0.012011723,tcp,1,tcp,0.119465381,0.494820536,0.222140978,tcp,2,tcp,0.000946759,0.619492333,0.655305936,tcp,3,btcp,0.661628673,0.419731944,0.095580706,btcp,4,btcp,0.700727917,0.407088014,0.100647382,btcp,5,tcp,0.186318528,0.342213646,0.437737352,udp
0,btcp,0.538249924,0.613345433,0.012419685,tcp,1,tcp,0.088005756,0.498964212,0.270656819,tcp,2,tcp,0.001056831,0.615375621,0.648910288,tcp,3,btcp,0.68191262,0.413842488,0.096421529,btcp,4,btcp,0.701498266,0.407449763,0.099897624,btcp,5,tcp,0.175375309,0.333650566,0.444278018,udp
0,btcp,0.536558118,0.611993403,0.012354996,tcp,1,tcp,0.060860901,0.509131494,0.325227885,tcp,2,tcp,0.001098444,0.613954295,0.645664421,tcp,3,btcp,0.676020731,0.418132145,0.092261989,btcp,4,btcp,0.66117552,0.422617198,0.091501555,btcp,5,tcp,0.204889743,0.328805984,0.433832455,udp
0,btcp,0.530902161,0.612251404,0.013093247,tcp,1,tcp,0.039191111,0.524917517,0.383401338,tcp,2,tcp,0.000766643,0.625819448,0.661074613,tcp,3,btcp,0.660480107,0.423964515,0.089879309,btcp,4,btcp,0.671252306,0.414928471,0.098845159,btcp,5,tcp,0.208120701,0.322335062,0.434102895,udp
0,btcp,0.524386499,0.612648543,0.014062001,tcp,1,tcp,0.023344444,0.544786056,0.441702254,tcp,2,tcp,0.000924199,0.619187012,0.652683066,tcp,3,btcp,0.655447247,0.424851499,0.090744299,btcp,4,btcp,0.677277785,0.41418483,0.097580455,btcp,5,tcp,0.203825587,0.323594912,0.432576059,udp
0,btcp,0.508844356,0.610464379,0.016170065,tcp,1,tcp,0.012801208,0.566394688,0.496390341,tcp,2,tcp,0.001558606,0.604378235,0.638135694,tcp,3,btcp,0.667256564,0.420175254,0.092562179,btcp,4,btcp,0.678922179,0.414238406,0.096889091,btcp,5,tcp,0.18948912,0.308203775,0.443134823,udp
0,btcp,0.504234824,0.60872117,0.016722782,tcp,1,tcp,0.006435617,0.587434183,0.54444154,tcp,2,tcp,0.001159847,0.612402119,0.643512771,tcp,3,btcp,0.672676637,0.419714793,0.091208283,btcp,4,btcp,0.666692144,0.41946081,0.093825853,btcp,5,tcp,0.210983945,0.305253032,0.435259236,udp
0,btcp,0.499780354,0.604885006,0.016744442,tcp,1,tcp,0.00294607,0.606120228,0.584319233,tcp,2,tcp,0.000720812,0.627051667,0.661635407,tcp,3,btcp,0.675267122,0.419828208,0.090173276,btcp,4,btcp,0.662415873,0.420167506,0.094570856,btcp,5,tcp,0.211001149,0.294170897,0.437881918,udp
0,btcp,0.484174815,0.603865568,0.019833492,tcp,1,tcp,0.001221346,0.621566598,0.615893497,tcp,2,tcp,0.001358076,0.60873933,0.643657529,tcp,3,btcp,0.653982119,0.429634031,0.084825909,btcp,4,btcp,0.662427154,0.420481509,0.094095574,btcp,5,tcp,0.224688633,0.284531076,0.43665788,udp
0,btcp,0.465691595,0.594568584,0.022497235,tcp,1,tcp,0.000474858,0.63368562,0.640027077,tcp,2,tcp,0.001144598,0.615198506,0.654294859,tcp,3,btcp,0.659748373,0.425968834,0.087422101,btcp,4,btcp,0.663543329,0.420315301,0.093866264,btcp,5,tcp,0.23559909,0.287253791,0.429458071,udp
0,btcp,0.442929697,0.589595797,0.027513139,tcp,1,tcp,0.000222495,0.642863534,0.658019125,tcp,2,tcp,0.000732278,0.631885537,0.672367623,tcp,3,btcp,0.664862233,0.425581056,0.086055515,btcp,4,btcp,0.715158791,0.402255734,0.104290923,btcp,5,tcp,0.211764423,0.266571748,0.444726897,udp
0,btcp,0.428141483,0.587761396,0.031638949,tcp,1,tcp,0.00019559,0.649669793,0.671219109,tcp,2,tcp,0.000545639,0.638921031,0.673539216,tcp,3,btcp,0.668579359,0.425586784,0.084802592,btcp,4,btcp,0.70916339,0.409550356,0.095144756,btcp,5,tcp,0.239141485,0.251823664,0.442087015,udp
0,btcp,0.413243865,0.574783879,0.034072851,tcp,1,tcp,0.000465063,0.63830431,0.666475405,tcp,2,tcp,0.000684328,0.627183278,0.659666486,tcp,3,btcp,0.662222137,0.430322836,0.081014921,btcp,4,btcp,0.692680224,0.414978474,0.091629157,btcp,5,udp,0.247153251,0.237499286,0.443817962,udp
0,btcp,0.393153778,0.574596416,0.040913195,tcp,1,tcp,0.000354739,0.653761682,0.684195189,tcp,2,tcp,0.000765589,0.623248344,0.653525381,tcp,3,btcp,0.663499993,0.430780835,0.08006333,btcp,4,btcp,0.677330717,0.420518612,0.088593975,btcp,5,udp,0.275895412,0.218556191,0.448203708,udp
0,btcp,0.379362113,0.566799811,0.044681516,tcp,1,tcp,0.000116809,0.655407064,0.672074047,tcp,2,tcp,0.000561278,0.634176412,0.667756196,tcp,3,btcp,0.66755422,0.430995092,0.078610644,btcp,4,btcp,0.6853347,0.416640274,0.091390602,btcp,5,udp,0.291934984,0.200279824,0.452470265,udp
0,btcp,0.360353549,0.560727735,0.051153838,tcp,1,tcp,0.000767598,0.625893188,0.637196016,tcp,2,tcp,0.000672302,0.627080797,0.658561421,tcp,3,btcp,0.671978127,0.43137237,0.077000544,btcp,4,btcp,0.712828473,0.408525935,0.095808854,btcp,5,udp,0.266744896,0.17870361,0.468652034,udp
0,btcp,0.334326159,0.547956996,0.060268513,tcp,1,tcp,0.001367913,0.61550868,0.622180752,tcp,2,tcp,0.000721346,0.624490095,0.653818223,tcp,3,btcp,0.676205203,0.431986004,0.075321625,btcp,4,btcp,0.721819585,0.408522956,0.094328595,btcp,5,udp,0.275459098,0.155070789,0.48572085,udp
0,btcp,0.306298304,0.547538335,0.073992142,tcp,1,tcp,0.000232731,0.64249081,0.655830456,tcp,2,tcp,0.000740182,0.62347457,0.651092534,tcp,3,btcp,0.680079433,0.432849877,0.073590391,btcp,4,btcp,0.682316275,0.425939373,0.080605558,btcp,5,udp,0.368763601,0.130941945,0.488699871,udp
0,btcp,0.290343564,0.533269028,0.080243072,tcp,1,tcp,0.000987489,0.62201388,0.630614619,tcp,2,tcp,0.000746385,0.623064827,0.649322124,tcp,3,btcp,0.683480695,0.433969627,0.071813951,btcp,4,btcp,0.682826909,0.423265271,0.083620879,btcp,5,udp,0.378430272,0.108270299,0.503552349,udp
0,btcp,0.265377964,0.52488514,0.093528097,tcp,1,tcp,0.002701419,0.599049691,0.605588143,tcp,2,tcp,0.000489123,0.635218064,0.665493798,tcp,3,btcp,0.686361314,0.435339388,0.069992738,btcp,4,btcp,0.695756025,0.419551181,0.085167633,btcp,5,udp,0.384116239,0.090222987,0.526888035,udp
0,btcp,0.237095133,0.517341659,0.11104943,tcp,1,tcp,0.002091621,0.606407086,0.609241123,tcp,2,tcp,0.00060067,0.62874102,0.657391788,tcp,3,btcp,0.688709426,0.436949524,0.068125281,btcp,4,btcp,0.700599256,0.420209023,0.083492411,btcp,5,udp,0.432792497,0.066825704,0.543475902,udp
0,btcp,0.194641166,0.516856011,0.14395735,tcp,1,tcp,0.000961892,0.622454961,0.635176323,tcp,2,tcp,0.000646789,0.626486162,0.653383699,tcp,3,btcp,0.690529679,0.438789417,0.066210875,btcp,4,btcp,0.711351902,0.417309056,0.085148981,btcp,5,udp,0.473286337,0.052330202,0.57023961,udp
0,btcp,0.175826167,0.498544235,0.158865308,tcp,1,tcp,0.000570277,0.631777665,0.637029813,tcp,2,tcp,0.000662604,0.625676899,0.651175677,tcp,3,btcp,0.698030945,0.436972363,0.066946292,btcp,4,btcp,0.689973003,0.430301816,0.074375978,btcp,5,udp,0.490895806,0.043684342,0.591320921,udp
0,tcp,0.144686253,0.498651479,0.191362908,tcp,1,tcp,0.002862453,0.601712737,0.590710754,tcp,2,tcp,0.000437302,0.637668167,0.667178168,tcp,3,btcp,0.736491684,0.417735454,0.082511322,btcp,4,btcp,0.709896478,0.420064912,0.082248971,btcp,5,udp,0.459993982,0.039945822,0.58180069,udp
0,tcp,0.108812643,0.501436263,0.237778319,tcp,1,tcp,0.006847787,0.572534941,0.551054694,tcp,2,tcp,0.000953719,0.618749104,0.648519538,tcp,3,btcp,0.699414462,0.444547887,0.060467576,btcp,4,btcp,0.707734864,0.425018091,0.077258705,btcp,5,udp,0.524280105,0.026601666,0.607417747,udp
0,tcp,0.08289232,0.51045624,0.280651729,tcp,1,tcp,0.001510823,0.618581247,0.609590781,tcp,2,tcp,0.000477833,0.63768678,0.669867142,tcp,3,btcp,0.764615159,0.403231721,0.097948492,btcp,4,btcp,0.700751719,0.430487379,0.07264392,btcp,5,udp,0.506820178,0.02639682,0.594154765,udp
0,tcp,0.065139458,0.510233992,0.315827991,tcp,1,tcp,0.002284719,0.607278499,0.598883669,tcp,2,tcp,0.0004669,0.645288515,0.680100526,tcp,3,btcp,0.731987021,0.429086907,0.071834906,btcp,4,btcp,0.693658121,0.436063133,0.068274044,btcp,5,udp,0.560210073,0.014716391,0.630487823,udp
0,tcp,0.052108703,0.520452371,0.347076673,tcp,1,tcp,0.003223353,0.605210188,0.580219618,tcp,2,tcp,0.000510327,0.647496826,0.684297942,tcp,3,btcp,0.719049331,0.43432306,0.067691632,btcp,4,btcp,0.699910637,0.434271667,0.069178297,btcp,5,udp,0.569640514,0.012446837,0.637548155,udp
0,tcp,0.042208729,0.52887435,0.374642906,tcp,1,tcp,0.002483652,0.61415074,0.589702925,tcp,2,tcp,0.000548536,0.647823925,0.686066201,tcp,3,btcp,0.732750225,0.426152516,0.074458369,btcp,4,btcp,0.701756303,0.436248828,0.067211061,btcp,5,udp,0.580177091,0.008931302,0.633122899,udp
0,tcp,0.025120479,0.551401494,0.434529485,tcp,1,tcp,0.00085669,0.632243536,0.622111333,tcp,2,tcp,0.000578048,0.648168853,0.687415059,tcp,3,btcp,0.739499283,0.424018572,0.076309552,btcp,4,btcp,0.702338979,0.438438873,0.065255901,btcp,5,udp,0.581519441,0.008614219,0.633427209,udp
0,tcp,0.021861918,0.552007767,0.448671944,tcp,1,tcp,0.001103112,0.628078189,0.615931994,tcp,2,tcp,0.000599783,0.648523693,0.688442371,tcp,3,btcp,0.728365614,0.431982786,0.069390109,btcp,4,btcp,0.707855416,0.437049762,0.066007152,btcp,5,udp,0.591644826,0.006232045,0.632963098,udp
0,tcp,0.013502065,0.563122519,0.492499365,tcp,1,tcp,0.001243984,0.626630312,0.612490116,tcp,2,tcp,0.000615078,0.648884441,0.689228126,tcp,3,btcp,0.705993969,0.447691875,0.057636993,btcp,4,btcp,0.697992289,0.446903161,0.058734111,btcp,5,udp,0.623831199,0.002801783,0.664487709,udp
0,tcp,0.006598768,0.587943595,0.54324728,tcp,1,tcp,0.00095639,0.625245226,0.62496126,tcp,2,tcp,0.000625239,0.649248436,0.689832646,tcp,3,btcp,0.711072879,0.443257685,0.060768362,btcp,4,btcp,0.695985539,0.449735156,0.056732725,btcp,5,udp,0.611329367,0.003977984,0.653586631,udp
0,tcp,0.004045447,0.60622398,0.570158834,tcp,1,tcp,0.000168112,0.645982776,0.654104129,tcp,2,tcp,0.000631414,0.649613803,0.690301365,tcp,3,btcp,0.715313419,0.44227952,0.061359627,btcp,4,btcp,0.695026429,0.452690826,0.054628955,btcp,5,udp,0.622870928,0.003141449,0.667429865,udp
0,tcp,0.003532199,0.603605387,0.576605179,tcp,1,tcp,9.58E-05,0.657179151,0.655982802,tcp,2,tcp,0.000634558,0.649979182,0.690668376,tcp,3,btcp,0.710138518,0.447849383,0.05734244,btcp,4,btcp,0.693836331,0.455806099,0.052500548,btcp,5,udp,0.632446383,0.002469594,0.676567187,udp
0,tcp,0.001672511,0.617094494,0.606549786,tcp,1,tcp,0.000997014,0.626147483,0.622762521,tcp,2,tcp,0.00071554,0.644020812,0.686394934,tcp,3,btcp,0.696083979,0.461087931,0.048822352,btcp,4,btcp,0.692367494,0.459065757,0.050366821,btcp,5,udp,0.637031163,0.002356614,0.683060031,udp
0,tcp,0.001591556,0.616056734,0.608845306,tcp,1,tcp,0.000151322,0.647623891,0.652909409,tcp,2,tcp,0.000668102,0.650494204,0.691976171,tcp,3,btcp,0.697536371,0.460796965,0.048941506,btcp,4,btcp,0.690645636,0.462459727,0.048237506,btcp,5,udp,0.641636287,0.002221977,0.688752577,udp
0,tcp,0.000687758,0.628601913,0.633135641,tcp,1,tcp,0.000324933,0.641706929,0.655847313,tcp,2,tcp,0.000433778,0.651252022,0.685189083,tcp,3,btcp,0.704339614,0.456942226,0.051197295,btcp,4,btcp,0.68869777,0.465978388,0.046121602,btcp,5,udp,0.643746728,0.001788133,0.685861914,udp
0,tcp,0.000347435,0.637084457,0.650913069,tcp,1,tcp,0.000142195,0.659544821,0.678161576,tcp,2,tcp,0.000559482,0.643968325,0.681005075,tcp,3,btcp,0.688705628,0.473782293,0.041477514,btcp,4,btcp,0.68654931,0.469611237,0.044028272,btcp,5,udp,0.645324366,0.00237248,0.69632354,udp
0,tcp,0.000256266,0.643324333,0.664078737,tcp,1,tcp,2.09E-05,0.661654194,0.668263319,tcp,2,tcp,0.000536773,0.651754846,0.689044656,tcp,3,btcp,0.6924886,0.470664124,0.043102304,btcp,4,btcp,0.684223467,0.473347283,0.041966435,btcp,5,udp,0.646751934,0.002613399,0.701313966,udp
0,tcp,0.000273443,0.64807132,0.673942448,tcp,1,tcp,0.00015394,0.649375448,0.649423553,tcp,2,tcp,0.000351518,0.652478248,0.683058179,tcp,3,btcp,0.687892373,0.477564648,0.039412077,btcp,4,btcp,0.681743955,0.477176868,0.03994346,btcp,5,udp,0.647931823,0.002764274,0.704707577,udp
0,tcp,0.000331776,0.650811912,0.680433292,tcp,1,tcp,0.000343816,0.643991711,0.638752616,tcp,2,tcp,0.000322594,0.645162851,0.6726113,tcp,3,btcp,0.685323529,0.481310025,0.037523682,btcp,4,btcp,0.683239921,0.477504541,0.039675146,btcp,5,udp,0.648985902,0.002379933,0.701624413,udp
0,tcp,0.000392175,0.65112548,0.683460524,tcp,1,tcp,0.000382952,0.640511465,0.646103045,tcp,2,tcp,0.000337541,0.652989618,0.682930478,tcp,3,btcp,0.679266606,0.488623114,0.034100524,btcp,4,btcp,0.685866996,0.477931568,0.039304782,btcp,5,udp,0.650064835,0.00248294,0.704345201,udp
0,tcp,0.000443355,0.651470302,0.685724393,tcp,1,tcp,4.53E-05,0.661121527,0.657146338,tcp,2,tcp,0.000308554,0.645829018,0.67270566,tcp,3,btcp,0.679346364,0.489322269,0.033755505,btcp,4,btcp,0.676710571,0.488189991,0.034450109,btcp,5,udp,0.650455367,0.002651624,0.706844093,udp
0,tcp,0.000301469,0.644954107,0.671361597,tcp,1,tcp,0.000277115,0.648807956,0.64040028,tcp,2,tcp,0.000327004,0.653463587,0.682897842,tcp,3,btcp,0.677137151,0.49317754,0.032025702,btcp,4,btcp,0.684446937,0.482156282,0.037120845,btcp,5,udp,0.647129617,0.001841786,0.691835987,udp
0,tcp,0.000620198,0.628349402,0.650302883,tcp,1,tcp,0.00033429,0.643533383,0.646387096,tcp,2,tcp,0.000383332,0.653715872,0.685306787,tcp,3,btcp,0.674540712,0.497048436,0.030378976,btcp,4,btcp,0.680833306,0.488577723,0.034048021,btcp,5,udp,0.63932762,0.001907204,0.680407978,udp
0,tcp,0.000276789,0.646353321,0.671885254,tcp,1,tcp,4.76E-05,0.662268136,0.671804996,tcp,2,tcp,0.000430146,0.653997445,0.687145103,tcp,3,btcp,0.668413418,0.504313973,0.027544943,btcp,4,btcp,0.678750412,0.491992977,0.032505042,btcp,5,udp,0.652621758,0.001736494,0.698078028,udp
0,tcp,0.000589123,0.629417024,0.650853984,tcp,1,tcp,3.02E-06,0.66574758,0.664887473,tcp,2,tcp,0.000466981,0.654293964,0.688529527,tcp,3,btcp,0.668098806,0.505247,0.027171913,btcp,4,btcp,0.669740941,0.502226048,0.028357897,btcp,5,udp,0.652420281,0.001963018,0.700944626,udp
0,tcp,0.001488937,0.611070674,0.63054361,tcp,1,tcp,0.000148697,0.653936031,0.647600756,tcp,2,tcp,0.000495115,0.654599034,0.689574514,tcp,3,btcp,0.665679941,0.509115209,0.02572897,btcp,4,btcp,0.672689708,0.499766627,0.029266019,btcp,5,udp,0.643739991,0.001579456,0.682539364,udp
0,tcp,0.001149367,0.61660559,0.632665972,tcp,1,tcp,5.22E-06,0.664266442,0.666794178,tcp,2,tcp,0.000516078,0.65490917,0.690365993,tcp,3,btcp,0.662899857,0.512970398,0.024376204,btcp,4,btcp,0.671366392,0.503175108,0.027865696,btcp,5,udp,0.645923457,0.001447758,0.683843177,udp
0,tcp,0.000283828,0.641390536,0.6623415,tcp,1,tcp,0.000107406,0.655186616,0.651366745,tcp,2,tcp,0.000531344,0.655222183,0.690968534,tcp,3,btcp,0.660072005,0.516804443,0.023097144,btcp,4,btcp,0.66584581,0.50986716,0.025419125,btcp,5,udp,0.654066883,0.001054448,0.688988124,udp
0,tcp,0.000660314,0.627135346,0.644974913,tcp,1,tcp,0.000253574,0.650725007,0.641946342,tcp,2,tcp,0.00038101,0.651874128,0.682665727,tcp,3,btcp,0.657216927,0.520614013,0.021889672,btcp,4,btcp,0.662783587,0.513934181,0.02401281,btcp,5,udp,0.644390635,0.001097334,0.674669308,udp
0,tcp,0.001633438,0.610195959,0.615721338,tcp,1,tcp,0.00039111,0.648107752,0.635474437,tcp,2,tcp,0.000739987,0.637088787,0.67190897,tcp,3,btcp,0.654523757,0.524705894,0.020632443,btcp,4,btcp,0.656391514,0.520727905,0.021905454,btcp,5,udp,0.626016556,0.001971939,0.65452293,udp
0,tcp,0.001741048,0.613219258,0.606523154,tcp,1,tcp,0.000344283,0.645823436,0.645038857,tcp,2,tcp,0.000297674,0.656421416,0.683868334,tcp,3,btcp,0.651403224,0.528114446,0.019698121,btcp,4,btcp,0.652595445,0.525060213,0.02064933,btcp,5,udp,0.654560297,0.000822077,0.685039105,udp
0,tcp,0.000994297,0.621276293,0.626750042,tcp,1,tcp,3.67E-05,0.665511921,0.67192805,tcp,2,tcp,0.000413001,0.65098328,0.68193826,tcp,3,btcp,0.648509994,0.531938702,0.01866139,btcp,4,btcp,0.649197986,0.529253635,0.019487682,btcp,5,udp,0.654805,0.001012737,0.689222529,udp
0,tcp,0.000917441,0.630182512,0.621411056,tcp,1,tcp,4.82E-06,0.668265708,0.66470159,tcp,2,tcp,0.000429085,0.656832422,0.688700786,tcp,3,btcp,0.645599386,0.535619237,0.017726777,btcp,4,btcp,0.64913233,0.530351504,0.0191308,btcp,5,udp,0.654922739,0.000850852,0.686161186,udp
0,tcp,0.000352044,0.639714305,0.642028578,tcp,1,tcp,2.72E-05,0.668299702,0.672499088,tcp,2,tcp,0.000263648,0.657483728,0.683125756,tcp,3,btcp,0.639459844,0.542255949,0.016252966,btcp,4,btcp,0.650056893,0.530993905,0.018851317,btcp,5,udp,0.654978356,0.001061957,0.690381372,udp
0,tcp,0.000153871,0.646889325,0.657899788,tcp,1,tcp,5.49E-05,0.660397997,0.657448157,tcp,2,tcp,0.00033092,0.640309806,0.657727306,tcp,3,btcp,0.639047787,0.543395311,0.015957704,btcp,4,btcp,0.644935473,0.537528581,0.017196861,btcp,5,udp,0.638565366,0.001641338,0.674673895,udp
0,tcp,0.000133396,0.652410292,0.669962515,tcp,1,tcp,0.000160969,0.655976222,0.647547421,tcp,2,tcp,0.000545862,0.632440285,0.643204849,tcp,3,btcp,0.636559799,0.546946192,0.015179092,btcp,4,btcp,0.638385514,0.544017623,0.015845786,btcp,5,udp,0.65514048,0.001012723,0.689681377,udp
0,tcp,0.000188958,0.655341141,0.677780873,tcp,1,tcp,0.000281894,0.653134536,0.640468135,tcp,2,tcp,0.000367391,0.63956492,0.657538908,tcp,3,btcp,0.633682872,0.550467988,0.014488727,btcp,4,btcp,0.634424483,0.547788645,0.015159285,btcp,5,udp,0.655233257,0.001061472,0.690718095,udp
0,tcp,0.000258501,0.655549697,0.681597139,tcp,1,tcp,0.000270983,0.650653203,0.64941502,tcp,2,tcp,0.000233586,0.644693082,0.661353055,tcp,3,btcp,0.630778326,0.553949161,0.0138556,btcp,4,btcp,0.631282384,0.551882728,0.01436523,btcp,5,udp,0.655395523,0.00120085,0.693416337,udp
0,tcp,0.000322989,0.655817666,0.684477894,tcp,1,tcp,3.81E-05,0.670498942,0.660672449,tcp,2,tcp,0.000200668,0.64601536,0.661669733,tcp,3,btcp,0.624646679,0.560173935,0.012942101,btcp,4,btcp,0.631418844,0.553047011,0.014044801,btcp,5,udp,0.655526042,0.001498858,0.698406354,udp
0,tcp,0.00037765,0.656118105,0.686644093,tcp,1,tcp,0.000644184,0.643508642,0.631242544,tcp,2,tcp,0.000528399,0.634236449,0.650668533,tcp,3,btcp,0.624385514,0.561335473,0.012678612,btcp,4,btcp,0.629011234,0.556506758,0.013404434,btcp,5,udp,0.645725931,0.001401588,0.682734107,udp
0,tcp,0.000206843,0.651938138,0.674586857,tcp,1,tcp,0.001090795,0.635135749,0.621250254,tcp,2,tcp,0.000771339,0.631068964,0.654489282,tcp,3,btcp,0.621917752,0.564661799,0.01216017,btcp,4,btcp,0.626173298,0.559947824,0.012854452,btcp,5,udp,0.643859961,0.001080412,0.673354949,udp
0,tcp,0.000392904,0.636647586,0.643395986,tcp,1,tcp,0.000443506,0.647036729,0.644741738,tcp,2,tcp,0.000132512,0.657616297,0.676040092,tcp,3,btcp,0.619012922,0.567963064,0.01173086,btcp,4,btcp,0.620067626,0.566043704,0.012111683,btcp,5,udp,0.655779974,0.000641045,0.682647009,udp
0,tcp,0.000113293,0.650561082,0.66403216,tcp,1,tcp,6.72E-05,0.670663816,0.675335889,tcp,2,tcp,0.000859951,0.628502459,0.648159057,tcp,3,btcp,0.619470942,0.568562207,0.011512387,btcp,4,btcp,0.619912162,0.567265564,0.011849715,btcp,5,udp,0.638861711,0.001076435,0.663379292,udp
0,tcp,0.001031382,0.621929191,0.634603788,tcp,1,tcp,1.94E-05,0.671761928,0.666385175,tcp,2,tcp,0.000288747,0.644202711,0.661542687,tcp,3,btcp,0.624511962,0.565794523,0.011515265,btcp,4,btcp,0.620930894,0.567959779,0.011569613,btcp,5,udp,0.618416168,0.002059239,0.633064791,udp
0,tcp,0.000877487,0.624890696,0.634999513,tcp,1,tcp,5.88E-05,0.671795955,0.67398024,tcp,2,tcp,0.000445103,0.63658364,0.647082828,tcp,3,btcp,0.608891283,0.577665204,0.010859235,btcp,4,btcp,0.615276584,0.573324167,0.011084729,btcp,5,udp,0.655775124,0.000279043,0.671500132,udp
0,tcp,0.000874679,0.625020389,0.633337416,tcp,1,tcp,0.00014336,0.671889497,0.679668713,tcp,2,tcp,0.000107971,0.655861306,0.671751157,tcp,3,btcp,0.618078389,0.571056707,0.010972275,btcp,4,btcp,0.608635855,0.579165853,0.010758566,btcp,5,udp,0.636925724,0.00086195,0.651510968,udp
0,tcp,0.000149514,0.648397744,0.662883178,tcp,1,tcp,0.000236079,0.671989723,0.683899654,tcp,2,tcp,0.000336916,0.640014335,0.649500097,tcp,3,btcp,0.609894513,0.577392011,0.010623434,btcp,4,btcp,0.611996583,0.57793231,0.010530931,btcp,5,udp,0.645473813,0.00047709,0.658378622,udp
0,tcp,0.000159997,0.646431878,0.656562601,tcp,1,tcp,0.000320917,0.67209805,0.687031843,tcp,2,tcp,0.000600716,0.633007135,0.644291931,tcp,3,btcp,0.613365864,0.574683612,0.010607605,btcp,4,btcp,0.61011839,0.580560323,0.010237203,btcp,5,udp,0.626657118,0.001293808,0.631028658,udp
0,tcp,0.001465938,0.622026608,0.608836553,tcp,1,tcp,0.000392538,0.672234714,0.689343688,tcp,2,tcp,0.00012031,0.655664213,0.672047345,tcp,3,btcp,0.596547209,0.586118448,0.010709512,btcp,4,btcp,0.607210543,0.583216817,0.010089707,btcp,5,udp,0.645478969,0.000402296,0.653861535,udp
0,tcp,0.003427568,0.608223956,0.576135092,tcp,1,tcp,0.000450296,0.672385136,0.691046869,tcp,2,tcp,6.84E-05,0.660787002,0.674206275,tcp,3,btcp,0.60193214,0.582250006,0.010441479,btcp,4,btcp,0.605051118,0.587501265,0.009564258,btcp,5,udp,0.624941993,0.001410333,0.629393485,udp
0,tcp,0.001729136,0.619089941,0.604009139,tcp,1,tcp,0.000495652,0.672540405,0.692300846,tcp,2,tcp,9.81E-05,0.653880562,0.666787863,tcp,3,btcp,0.59247307,0.588942057,0.010565237,btcp,4,btcp,0.597581074,0.591722464,0.009879783,btcp,5,udp,0.655832042,0.000102788,0.660006265,udp
0,tcp,0.000402837,0.640392677,0.637256827,tcp,1,tcp,0.000530774,0.672698786,0.693225009,tcp,2,tcp,0.000132621,0.661016804,0.678773876,tcp,3,btcp,0.587788141,0.591926874,0.010670599,btcp,4,btcp,0.609612725,0.586304771,0.008997388,btcp,5,udp,0.636730061,0.000713653,0.64020834,udp
0,tcp,8.99E-05,0.651387248,0.657554287,tcp,1,tcp,0.000557745,0.672855539,0.693906806,tcp,2,tcp,0.000124408,0.655880077,0.671991087,tcp,3,btcp,0.58052783,0.597135119,0.010946639,btcp,4,btcp,0.604832845,0.588825665,0.009079627,btcp,5,udp,0.65049676,0.000219225,0.655364595,udp
0,tcp,5.15E-05,0.659140276,0.660739307,tcp,1,tcp,0.000578411,0.673009356,0.694411017,tcp,2,tcp,0.000124715,0.653904536,0.668627059,tcp,3,btcp,0.576547373,0.600331747,0.010986912,btcp,4,btcp,0.596946476,0.592359665,0.009494725,btcp,5,udp,0.655976245,8.90E-05,0.657564093,udp
0,tcp,0.000172903,0.648240228,0.648274191,tcp,1,tcp,0.000646985,0.673243565,0.696079658,tcp,2,tcp,0.0001233,0.653031034,0.666670253,tcp,3,btcp,0.573056136,0.603334263,0.010973865,btcp,4,btcp,0.581237105,0.601376719,0.010618813,btcp,5,udp,0.655828234,0.000121272,0.662276564,udp
0,tcp,0.000261789,0.644831688,0.643403063,tcp,1,tcp,0.000642885,0.673221535,0.695984085,tcp,2,tcp,0.00052139,0.640632496,0.661323765,tcp,3,btcp,0.569501731,0.606190486,0.010999245,btcp,4,btcp,0.587060659,0.598028524,0.00985208,btcp,5,udp,0.631691086,0.001009293,0.638819393,udp
0,tcp,0.000305235,0.643741635,0.641138851,tcp,1,tcp,0.000642639,0.673372775,0.695946459,tcp,2,tcp,0.000115331,0.662327649,0.678354943,tcp,3,btcp,0.565812398,0.608893841,0.011074085,btcp,4,btcp,0.576876365,0.604275026,0.010584835,btcp,5,udp,0.655485553,0.000162405,0.664859144,udp
0,tcp,0.000271114,0.642982465,0.650476932,tcp,1,tcp,0.000218723,0.674489557,0.682176157,tcp,2,tcp,0.000318989,0.6456019,0.661435059,tcp,3,btcp,0.56532856,0.609313639,0.01073156,btcp,4,btcp,0.571714343,0.607197812,0.010941427,btcp,5,udp,0.650315571,0.000258097,0.658577745,udp
0,tcp,2.63E-05,0.659660751,0.661751617,tcp,1,tcp,0.000347609,0.656826849,0.656953308,tcp,2,tcp,0.000461968,0.640639809,0.656251916,tcp,3,btcp,0.564891683,0.609080351,0.010417369,btcp,4,btcp,0.563853902,0.612094326,0.011676086,btcp,5,udp,0.629885296,0.001154284,0.639881875,udp
0,tcp,0.000134373,0.651013363,0.661892445,tcp,1,tcp,0.00029367,0.664579662,0.671889136,tcp,2,tcp,0.000308434,0.650956276,0.671649047,tcp,3,btcp,0.553017284,0.614710604,0.011902764,btcp,4,btcp,0.562942872,0.612997785,0.011403262,btcp,5,udp,0.655432123,0.000224092,0.668373852,udp
0,tcp,0.000113362,0.662180677,0.678181597,tcp,1,tcp,0.000307749,0.674632313,0.685727789,tcp,2,tcp,0.000280724,0.662718276,0.685826315,tcp,3,btcp,0.550699077,0.615042599,0.01187123,btcp,4,btcp,0.558960308,0.615373487,0.011608302,btcp,5,udp,0.655286685,0.000357126,0.673682573,udp
0,tcp,2.88E-05,0.663037761,0.671692098,tcp,1,tcp,0.000105414,0.675706123,0.674565376,tcp,2,tcp,0.000167019,0.663264623,0.681323473,tcp,3,btcp,0.558415708,0.612307869,0.009795643,btcp,4,btcp,0.554176135,0.617709888,0.011992964,btcp,5,udp,0.646885405,0.000545194,0.664598696,udp
0,tcp,9.56E-05,0.663114709,0.677449372,tcp,1,tcp,8.23E-05,0.671637993,0.663313798,tcp,2,tcp,0.000282728,0.659936484,0.682397085,tcp,3,btcp,0.554147124,0.611228585,0.0101885,btcp,4,btcp,0.549050949,0.619943491,0.012468161,btcp,5,udp,0.646797308,0.000339318,0.653433035,udp
0,tcp,0.000176971,0.663223911,0.681772116,tcp,1,tcp,0.000116483,0.675874503,0.675307117,tcp,2,tcp,0.000163636,0.663907989,0.681309295,tcp,3,btcp,0.543453825,0.613691492,0.011579119,btcp,4,btcp,0.54362371,0.622063849,0.013028775,btcp,5,udp,0.645396822,0.000461889,0.657379485,udp
0,tcp,0.000254537,0.663386798,0.685001336,tcp,1,tcp,8.41E-05,0.672181625,0.664230963,tcp,2,tcp,0.000127577,0.660894943,0.676162783,tcp,3,btcp,0.526533939,0.617984576,0.014802245,btcp,4,btcp,0.534251606,0.626028474,0.014482265,btcp,5,udp,0.654116168,0.000377709,0.672459377,udp
0,tcp,0.000321425,0.663587562,0.687408747,tcp,1,tcp,0.000126106,0.668799299,0.655482277,tcp,2,tcp,0.000109401,0.659292849,0.672897919,tcp,3,btcp,0.526943898,0.615498755,0.014132506,btcp,4,btcp,0.540191313,0.622283805,0.012567412,btcp,5,udp,0.641759444,0.000531921,0.64963837,udp
0,tcp,0.0003761,0.663813834,0.689202199,tcp,1,tcp,0.000201645,0.666094292,0.648674661,tcp,2,tcp,0.000225094,0.658252775,0.677202233,tcp,3,btcp,0.520811505,0.615690218,0.014960166,btcp,4,btcp,0.535226633,0.622588411,0.013052026,btcp,5,udp,0.635087543,0.000787152,0.636487687,udp
0,tcp,0.000419396,0.664052864,0.690538017,tcp,1,tcp,7.27E-05,0.676338076,0.668937296,tcp,2,tcp,0.000120493,0.664665909,0.67928349,tcp,3,btcp,0.501288181,0.61779702,0.018686777,btcp,4,btcp,0.52802321,0.623178119,0.014078167,btcp,5,udp,0.64891042,0.000253059,0.652526589,udp
0,tcp,0.000453019,0.664296704,0.691533937,tcp,1,tcp,0.000454067,0.654969694,0.643231337,tcp,2,tcp,0.000289541,0.649350391,0.663593237,tcp,3,btcp,0.478923933,0.61304436,0.022550123,btcp,4,btcp,0.502715352,0.625310104,0.018856091,btcp,5,udp,0.652379702,0.000192672,0.659252562,udp
0,tcp,0.000478813,0.664537599,0.692277447,tcp,1,tcp,0.00076474,0.647603455,0.633157636,tcp,2,tcp,0.00013576,0.656855956,0.669393199,tcp,3,btcp,0.467978963,0.607904609,0.024065285,btcp,4,btcp,0.506753851,0.622843823,0.017202654,btcp,5,udp,0.645384131,0.00035101,0.645440991,udp
